Date,Close
,
2017-01-03,
2017-01-04,
2017-01-05,
2017-01-06,0.0033292402029908544
2017-01-09,0.0026122207515399576
2017-01-10,0.002355231550712896
2017-01-11,0.0021268492868871934
2017-01-12,0.0016575849276105226
2017-01-13,0.0022736287259927414
2017-01-17,0.0023223860816982394
2017-01-18,0.0021940821070581405
2017-01-19,0.00278331751678238
2017-01-20,0.0029128740518095456
2017-01-23,0.0032233904438963776
2017-01-24,0.0041991580787773585
2017-01-25,0.005743647657000271
2017-01-26,0.005090949420064701
2017-01-27,0.0031988490736577922
2017-01-30,0.0025433893070337834
2017-01-31,0.0025949381979569306
2017-02-01,0.0024054313640818298
2017-02-02,0.0005862558116132829
2017-02-03,0.0027023209119232685
2017-02-06,0.0033087471052571683
2017-02-07,0.0031942992954714887
2017-02-08,0.0010124944116824861
2017-02-09,0.0022186497828051923
2017-02-10,0.0033296175870302317
2017-02-13,0.0048426346958354675
2017-02-14,0.004263722516072926
2017-02-15,0.004737116481806136
2017-02-16,0.0032812358209857915
2017-02-17,0.002507176549332017
2017-02-21,0.002857163649618827
2017-02-22,0.0029299284980368015
2017-02-23,0.002510511712710827
2017-02-24,0.0009979784500316598
2017-02-27,0.0009762048236748502
2017-02-28,0.0016971405383200751
2017-03-01,0.005726794155551299
2017-03-02,0.007346678039515571
2017-03-03,0.006654026106469309
2017-03-06,0.0032211633330828052
2017-03-07,0.0022346663272372704
2017-03-08,0.002829025543239863
2017-03-09,0.0020013431596400547
2017-03-10,0.002116581094229609
2017-03-13,0.0014764936459315207
2017-03-14,0.00233821810197306
2017-03-15,0.004030397908249001
2017-03-16,0.004450887634920328
2017-03-17,0.0037610310627004713
2017-03-20,0.0016517100479317818
2017-03-21,0.0052708966449046156
2017-03-22,0.00546187117264836
2017-03-23,0.005144843194131622
2017-03-24,0.0012644290687437445
2017-03-27,0.0009750973148713987
2017-03-28,0.0030299228764693546
2017-03-29,0.0031100508730999166
2017-03-30,0.0037469519817197113
2017-03-31,0.002091047017934
2017-04-03,0.002277293385995054
2017-04-04,0.0014868117736471734
2017-04-05,0.001754126064732275
2017-04-06,0.001848851059972829
2017-04-07,0.001938219856067329
2017-04-10,0.0011475242974877135
2017-04-11,0.000983276963562144
2017-04-12,0.0019631319489094886
2017-04-13,0.0040133220002498025
2017-04-17,0.00639384113329947
2017-04-18,0.006107362942248254
2017-04-19,0.004400631293449499
2017-04-20,0.004051426166251462
2017-04-21,0.004095454586678837
2017-04-24,0.0071167583349134615
2017-04-25,0.006631212968992793
2017-04-26,0.0057799240918501174
2017-04-27,0.002370267562579244
2017-04-28,0.0009845226491588658
2017-05-01,0.0013995127487817437
2017-05-02,0.0016113716454903126
2017-05-03,0.0013971016376946605
2017-05-04,0.0010141488087991814
2017-05-05,0.0019781540478169967
2017-05-08,0.0015665793224185953
2017-05-09,0.0017145263946764062
2017-05-10,0.0007310608139500562
2017-05-11,0.0014402961813496362
2017-05-12,0.0015915497934000627
2017-05-15,0.002803276339305371
2017-05-16,0.0023106035429089097
2017-05-17,0.00793258117037212
2017-05-18,0.007570879945105693
2017-05-19,0.009590070019533515
2017-05-22,0.00519053504380836
2017-05-23,0.004575917242902441
2017-05-24,0.0031563607576551088
2017-05-25,0.0029181103396450233
2017-05-26,0.002409549193246434
2017-05-30,0.0019826548522714725
2017-05-31,0.0006586423782625237
2017-06-01,0.0030693403114441242
2017-06-02,0.0039011816076148574
2017-06-05,0.004153959114440628
2017-06-06,0.002567396825377749
2017-06-07,0.001856114901963097
2017-06-08,0.0015390355337084733
2017-06-09,0.0008881772498847026
2017-06-12,0.0006922484605233857
2017-06-13,0.0021036450630451766
2017-06-14,0.002158976078997553
2017-06-15,0.0025799318684627207
2017-06-16,0.0011740119707392392
2017-06-19,0.0036127640683557686
2017-06-20,0.005105114267961786
2017-06-21,0.005204852615699086
2017-06-22,0.002585953537547116
2017-06-23,0.0008661329070395936
2017-06-26,0.0007771121558598485
2017-06-27,0.003327012356938122
2017-06-28,0.0057302800539854514
2017-06-29,0.008504101688788448
2017-06-30,0.006312925367188656
2017-07-03,0.004159147478054155
2017-07-05,0.0017641498754366054
2017-07-06,0.004391126440767488
2017-07-07,0.0057493079709235615
2017-07-10,0.00557434532666485
2017-07-11,0.002697678579736847
2017-07-12,0.0029964580391387244
2017-07-13,0.0033116224787703673
2017-07-14,0.004604832197101266
2017-07-17,0.0021961199600630766
2017-07-18,0.0017710697186309075
2017-07-19,0.0020029503667807667
2017-07-20,0.002036535967237858
2017-07-21,0.001959956177603823
2017-07-24,0.0005286371208986081
2017-07-25,0.0014503826148385731
2017-07-26,0.0014219441569929805
2017-07-27,0.0013915643373399993
2017-07-28,0.0008659337402448325
2017-07-31,0.0010145293665407317
2017-08-01,0.0015055157793702667
2017-08-02,0.001222353005615239
2017-08-03,0.0017082300057438618
2017-08-04,0.0015219635364549725
2017-08-07,0.0019064026322552338
2017-08-08,0.0019835060805662415
2017-08-09,0.0014756239059486491
2017-08-10,0.005787081807946414
2017-08-11,0.0054062167906492285
2017-08-14,0.008616208924926023
2017-08-15,0.003922446900306676
2017-08-16,0.003970559698755088
2017-08-17,0.005825123445802425
2017-08-18,0.00627116389062526
2017-08-21,0.006185457287703201
2017-08-22,0.004296908212181089
2017-08-23,0.004837747035943427
2017-08-24,0.005142627380134175
2017-08-25,0.002402552849571623
2017-08-28,0.0014116806297906454
2017-08-29,0.0010002973014144286
2017-08-30,0.0019779840077889695
2017-08-31,0.0037172240449281266
2017-09-01,0.004096594471703261
2017-09-05,0.005088236726397889
2017-09-06,0.004227959695874753
2017-09-07,0.0036272510300475896
2017-09-08,0.0015974182271518485
2017-09-11,0.004149795795152812
2017-09-12,0.005209745978495947
2017-09-13,0.004965370680037555
2017-09-14,0.001738820231264538
2017-09-15,0.0012345452150232833
2017-09-18,0.0014672211087055503
2017-09-19,0.0014699730306733546
2017-09-20,0.0010661960827233836
2017-09-21,0.0015980974219852182
2017-09-22,0.0014440988814637633
2017-09-25,0.00197422421397857
2017-09-26,0.0009814236069719182
2017-09-27,0.0021245030759122195
2017-09-28,0.0017842923856069431
2017-09-29,0.002992992033141592
2017-10-02,0.002922890842383055
2017-10-03,0.0032404310111847612
2017-10-04,0.002422991225162333
2017-10-05,0.003011119625689142
2017-10-06,0.002650352985332193
2017-10-09,0.0028370596881820524
2017-10-10,0.0017333315545771607
2017-10-11,0.001975888793040916
2017-10-12,0.0019365932268310048
2017-10-13,0.001455927367939985
2017-10-16,0.0014383738858344374
2017-10-17,0.0010997658141953057
2017-10-18,0.0010545449667034863
2017-10-19,0.0005807855105913409
2017-10-20,0.0020579332704568055
2017-10-23,0.003137378537679355
2017-10-24,0.0035669307908618737
2017-10-25,0.0034236506249384064
2017-10-26,0.0025202319374734742
2017-10-27,0.00466156830586316
2017-10-30,0.0041694422185516375
2017-10-31,0.004060733463438866
2017-11-01,0.0019108115061644562
2017-11-02,0.0009082682876115552
2017-11-03,0.0016243604012949919
2017-11-06,0.0015175603269191786
2017-11-07,0.0015172846720575793
2017-11-08,0.0009673928739729196
2017-11-09,0.0018002386921708215
2017-11-10,0.002036547415828086
2017-11-13,0.001883393075572292
2017-11-14,0.001397826149209554
2017-11-15,0.0029454767378995213
2017-11-16,0.005338644028459311
2017-11-17,0.005444356167997803
2017-11-20,0.004022313216886636
2017-11-21,0.003474708582480066
2017-11-22,0.002848417173334477
2017-11-24,0.003108122001869569
2017-11-27,0.0010629529042136092
2017-11-28,0.004079549369974406
2017-11-29,0.0035179858727728704
2017-11-30,0.006109070882377328
2017-12-01,0.003517821128993801
2017-12-04,0.0037456266844923592
2017-12-05,0.002275227987944732
2017-12-06,0.0016377377485907027
2017-12-07,0.002262856568865013
2017-12-08,0.0028444604053859575
2017-12-11,0.0038720370557744515
2017-12-12,0.0034119226264344954
2017-12-13,0.0017392116046451766
2017-12-14,0.002033320141000793
2017-12-15,0.004495516703685208
2017-12-18,0.006120653240167677
2017-12-19,0.005839430010952949
2017-12-20,0.0031374042320962176
2017-12-21,0.0020158070431164875
2017-12-22,0.0010900649081149055
2017-12-26,0.0011669781169435733
2017-12-27,0.000769291882804861
2017-12-28,0.0012273076710734609
2017-12-29,0.0026065265353033707
2018-01-02,0.005099343171355325
2018-01-03,0.006614714585027485
2018-01-04,0.006222684772553715
2018-01-05,0.005802707329282789
2018-01-08,0.004230217503736437
2018-01-09,0.0033240643910602483
2018-01-10,0.0013586310320386947
2018-01-11,0.003141318365900375
2018-01-12,0.004949599326498913
2018-01-16,0.005755555128185568
2018-01-17,0.006542881925718262
2018-01-18,0.0048398056251781245
2018-01-19,0.005121450548647959
2018-01-22,0.004675903288892338
2018-01-23,0.0048606724458085705
2018-01-24,0.0035888339658892003
2018-01-25,0.0011115256380957502
2018-01-26,0.004311403350716367
2018-01-29,0.0063762712632600286
2018-01-30,0.009828339065428094
2018-01-31,0.006067414982964967
2018-02-01,0.004031935672018398
2018-02-02,0.007524614909138974
2018-02-05,0.02130917326903452
2018-02-06,0.02685659826800577
2018-02-07,0.02138241750369038
2018-02-08,0.020187921272830468
2018-02-09,0.019366278556359553
2018-02-12,0.02230112104117077
2018-02-13,0.010417944285996057
2018-02-14,0.009913875822453613
2018-02-15,0.009306607855316609
2018-02-16,0.008561233745197986
2018-02-20,0.006076259511178097
2018-02-21,0.003914527095447823
2018-02-22,0.0041144197227577705
2018-02-23,0.00746200676885233
2018-02-26,0.00952093146586665
2018-02-27,0.013459342769071986
2018-02-28,0.011878185397270478
2018-03-01,0.012453361111105905
2018-03-02,0.009876852443455448
2018-03-05,0.009814789603725472
2018-03-06,0.006221928660346514
2018-03-07,0.004696997456079916
2018-03-08,0.0025241743221992683
2018-03-09,0.007388895591936194
2018-03-12,0.00765249742936354
2018-03-13,0.008296084831173566
2018-03-14,0.004466559192500633
2018-03-15,0.0043023722280329324
2018-03-16,0.002741734754171514
2018-03-19,0.005596758310874419
2018-03-20,0.005829582367890388
2018-03-21,0.005877480412190041
2018-03-22,0.00960376257137568
2018-03-23,0.016173462136744827
2018-03-26,0.02448991166354682
2018-03-27,0.021804044554369312
2018-03-28,0.015714415083606655
2018-03-29,0.011341327346209339
2018-04-02,0.013062459578933995
2018-04-03,0.016267473717693454
2018-04-04,0.015542248668561237
2018-04-05,0.010291828354613017
2018-04-06,0.013501196935054324
2018-04-09,0.010778161142103004
2018-04-10,0.014027887006990626
2018-04-11,0.008486759912122688
2018-04-12,0.01011539448881076
2018-04-13,0.005549461432274948
2018-04-16,0.006394678441975579
2018-04-17,0.007190736080712148
2018-04-18,0.00650414294099436
2018-04-19,0.00572622460575086
2018-04-20,0.005048926463912845
2018-04-23,0.004790663031789937
2018-04-24,0.007366765102004136
2018-04-25,0.005120830783494444
2018-04-26,0.008562135475558582
2018-04-27,0.004442841230521465
2018-04-30,0.0065714473358873355
2018-05-01,0.003959999997104149
2018-05-02,0.0059996486246415605
2018-05-03,0.004011323652497921
2018-05-04,0.007405992953911201
2018-05-07,0.006146002738605158
2018-05-08,0.005482489049425353
2018-05-09,0.004451101653698267
2018-05-10,0.006409445352295086
2018-05-11,0.006889599587631866
2018-05-14,0.003972083461645393
2018-05-15,0.0031516312750262065
2018-05-16,0.003933698133877257
2018-05-17,0.003924744560038437
2018-05-18,0.0025147479635582713
2018-05-21,0.003617169530364593
2018-05-22,0.004378652798452956
2018-05-23,0.004581146115902435
2018-05-24,0.002803032252498828
2018-05-25,0.0025428037549135377
2018-05-29,0.0053389461745668885
2018-05-30,0.008869150305967305
2018-05-31,0.010383593687072269
2018-06-01,0.010103336101532627
2018-06-04,0.0073879092836754345
2018-06-05,0.005320913625722589
2018-06-06,0.004567613935079953
2018-06-07,0.0033158968429573884
2018-06-08,0.004122124389015947
2018-06-11,0.0016345365122253962
2018-06-12,0.001977011064465169
2018-06-13,0.002281419609018539
2018-06-14,0.002748207447539661
2018-06-15,0.002506791793136405
2018-06-18,0.0018715040062947583
2018-06-19,0.002392509815923961
2018-06-20,0.0026235331187967822
2018-06-21,0.004035979006241366
2018-06-22,0.00331220744082223
2018-06-25,0.007348551688708266
2018-06-26,0.005960692242867084
2018-06-27,0.008221153262202829
2018-06-28,0.0056678056126230406
2018-06-29,0.005186460739896466
2018-07-02,0.0033270189136139143
2018-07-03,0.002927002000781377
2018-07-05,0.0055355822867883195
2018-07-06,0.007329667875550551
2018-07-09,0.008604555058785414
2018-07-10,0.006899019234914528
2018-07-11,0.006457008825359975
2018-07-12,0.006432575742004521
2018-07-13,0.005636377829565681
2018-07-16,0.0036061039125596926
2018-07-17,0.00202438150031687
2018-07-18,0.0023842236803598084
2018-07-19,0.0033616110897434644
2018-07-20,0.0023559689138916997
2018-07-23,0.0022486956842609116
2018-07-24,0.002518259696595597
2018-07-25,0.005222105448090455
2018-07-26,0.0056222855684312095
2018-07-27,0.006227057488028508
2018-07-30,0.0051305089030999835
2018-07-31,0.005742487059911895
2018-08-01,0.003894839867487121
2018-08-02,0.003609359956360974
2018-08-03,0.003529558238375938
2018-08-06,0.004359921432786102
2018-08-07,0.0036618721542117914
2018-08-08,0.002204866263527498
2018-08-09,0.001508443620208475
2018-08-10,0.0029481471111931366
2018-08-13,0.00419868820208819
2018-08-14,0.005840759967279144
2018-08-15,0.006004725421258832
2018-08-16,0.007296117716811447
2018-08-17,0.00627900983642667
2018-08-20,0.004543631943343157
2018-08-21,0.0026030270773394737
2018-08-22,0.0016299019703329462
2018-08-23,0.0013857749774685542
2018-08-24,0.002756876968687979
2018-08-27,0.0051711804196436255
2018-08-28,0.004696696470998042
2018-08-29,0.004531875317873487
2018-08-30,0.0034648855303226977
2018-08-31,0.0034199609935582193
2018-09-04,0.002076777520214099
2018-09-05,0.0015324077724833977
2018-09-06,0.0027072486289211432
2018-09-07,0.0028939505776328692
2018-09-10,0.0025902723821086713
2018-09-11,0.0026148972664744273
2018-09-12,0.001995167432523728
2018-09-13,0.0031192753996667558
2018-09-14,0.001966801470017066
2018-09-17,0.0037096956694793403
2018-09-18,0.0037384625866469317
2018-09-19,0.004064143964115475
2018-09-20,0.004805718362042093
2018-09-21,0.0031437010376137164
2018-09-24,0.003900165812116631
2018-09-25,0.0017321439147129263
2018-09-26,0.0027075101769862037
2018-09-27,0.0024533748009297586
2018-09-28,0.00202034868460317
2018-10-01,0.0021336129049493568
2018-10-02,0.001346043798871918
2018-10-03,0.0015808426630653152
2018-10-04,0.0031036903560024195
2018-10-05,0.004819205580783441
2018-10-08,0.004713848237993884
2018-10-09,0.002452473042375378
2018-10-10,0.011743497861702023
2018-10-11,0.018540959616432633
2018-10-12,0.022770068141173296
2018-10-15,0.013605432557405954
2018-10-16,0.013765515259687597
2018-10-17,0.009147668225945572
2018-10-18,0.012005670987292619
2018-10-19,0.0050368066725902565
2018-10-22,0.006388840935699475
2018-10-23,0.0033990361374838015
2018-10-24,0.01372888237943762
2018-10-25,0.01844385600684972
2018-10-26,0.02242787661661939
2018-10-29,0.014171354761303767
2018-10-30,0.013201889759024872
2018-10-31,0.010973136673880847
2018-11-01,0.012280233531659258
2018-11-02,0.009210699559660012
2018-11-05,0.007474637873867688
2018-11-06,0.006053734165827498
2018-11-07,0.010937186667458923
2018-11-08,0.009912978446069436
2018-11-09,0.010913577821545948
2018-11-12,0.010550601963110438
2018-11-13,0.010207585226159851
2018-11-14,0.009659119557453742
2018-11-15,0.006539080158601663
2018-11-16,0.0067850197303716935
2018-11-19,0.009847343854038891
2018-11-20,0.01244066477659713
2018-11-21,0.012713275367691535
2018-11-23,0.009311028193069596
2018-11-26,0.008342688289329747
2018-11-27,0.008415259989479609
2018-11-28,0.013794470504364305
2018-11-29,0.00938531007103998
2018-11-30,0.01101236452126924
2018-12-03,0.007068348018791156
2018-12-04,0.01730659278317871
2018-12-06,0.015101872833925284
2018-12-07,0.0193399840854985
2018-12-10,0.008960108896109565
2018-12-11,0.008571116149830024
2018-12-12,0.0025072946520154006
2018-12-13,0.001987076999357316
2018-12-14,0.008292011197155365
2018-12-17,0.013487815803230498
2018-12-18,0.013449964650355188
2018-12-19,0.012198046952767517
2018-12-20,0.010499888487723208
2018-12-21,0.01740546305286045
2018-12-24,0.021395834286986323
2018-12-26,0.03223095703277343
2018-12-27,0.028138659822570636
2018-12-28,0.019390586816468137
2018-12-31,0.00607506954693542
2019-01-02,0.003655557594946656
2019-01-03,0.011597550247916049
2019-01-04,0.020031807980629247
2019-01-07,0.021937902291497113
2019-01-08,0.01679798746402454
2019-01-09,0.006908078221516436
2019-01-10,0.006082166681260592
2019-01-11,0.002914740417255616
2019-01-14,0.003308648168731393
2019-01-15,0.005360774003830984
2019-01-16,0.006051844665366284
2019-01-17,0.006815623371695036
2019-01-18,0.007626388025059962
2019-01-22,0.011639373458021332
2019-01-23,0.009851959862426372
2019-01-24,0.005944582270364696
2019-01-25,0.004009379243648782
2019-01-28,0.005901807886734792
2019-01-29,0.005929317177216154
2019-01-30,0.008254897891794592
2019-01-31,0.008482522212147544
2019-02-01,0.008296155095378304
2019-02-04,0.005404078837351514
2019-02-05,0.004116319379878996
2019-02-06,0.004559222424112885
2019-02-07,0.005441826452363071
2019-02-08,0.004101360495250571
2019-02-11,0.0035953391906871075
2019-02-12,0.004730892424223231
2019-02-13,0.005512045433455989
2019-02-14,0.006160815960082732
2019-02-15,0.005498199880789044
2019-02-19,0.004990929791749387
2019-02-20,0.004697719850763493
2019-02-21,0.0022686080710581096
2019-02-22,0.0038996138753508744
2019-02-25,0.003718137490101164
2019-02-26,0.0028041709391008005
2019-02-27,0.000855357171376725
2019-02-28,0.0013881582360296032
2019-03-01,0.0034151205413205134
2019-03-04,0.0045297571943062115
2019-03-05,0.0039639791578916835
2019-03-06,0.003855251496362351
2019-03-07,0.005278852744054347
2019-03-08,0.005612782957969944
2019-03-11,0.00828413694442475
2019-03-12,0.006547488474249417
2019-03-13,0.00814468269759449
2019-03-14,0.0035809706351199034
2019-03-15,0.004255488528661756
2019-03-18,0.003180005194468146
2019-03-19,0.00293406209575517
2019-03-20,0.0022594545398681542
2019-03-21,0.004624427438461928
2019-03-22,0.010966513123244093
2019-03-25,0.010263405154090887
2019-03-26,0.009051084305172454
2019-03-27,0.004217189685947659
2019-03-28,0.005131750313264881
2019-03-29,0.0049833013450617525
2019-04-01,0.007265652092210295
2019-04-02,0.006077119038742436
2019-04-03,0.00455524116433061
2019-04-04,0.001415331072647202
2019-04-05,0.002951418428727525
2019-04-08,0.0025850315388723515
2019-04-09,0.003919535269764106
2019-04-10,0.003534908646897707
2019-04-11,0.003198645510170716
2019-04-12,0.0033658461614627794
2019-04-15,0.002418422672422069
2019-04-16,0.002575458015028081
2019-04-17,0.0011383988254257916
2019-04-18,0.0014544920043830852
2019-04-22,0.0016219178206404786
2019-04-23,0.0037972346053926557
2019-04-24,0.00400267519832151
2019-04-25,0.003788520491862143
2019-04-26,0.0024125201937259646
2019-04-29,0.002038113494125181
2019-04-30,0.002232087813726471
2019-05-01,0.0031841196561503415
2019-05-02,0.003535885037633309
2019-05-03,0.0064162726451529066
2019-05-06,0.00539979510555759
2019-05-07,0.010240876252298503
2019-05-08,0.007579072207995474
2019-05-09,0.0070940673800845774
2019-05-10,0.0027820360404222817
2019-05-13,0.010388620637918655
2019-05-14,0.012041283577210743
2019-05-15,0.012744150329812215
2019-05-16,0.00755397965581274
2019-05-17,0.006844129539421977
2019-05-20,0.007160884088649414
2019-05-21,0.007028881414213255
2019-05-22,0.006020199810831799
2019-05-23,0.007758011232790663
2019-05-24,0.005388909459072899
2019-05-28,0.0072497620045265014
2019-05-29,0.005566501313176306
2019-05-30,0.005814377614162879
2019-05-31,0.00743846269756045
2019-06-03,0.00604951619325264
2019-06-04,0.012419400995279552
2019-06-05,0.010701241571399797
2019-06-06,0.011817164911965291
2019-06-07,0.00822951563402604
2019-06-10,0.007069679999343308
2019-06-11,0.0051473802599922664
2019-06-12,0.002346273119984731
2019-06-13,0.0021595365960129617
2019-06-14,0.002580493372080187
2019-06-17,0.002211045921537903
2019-06-18,0.004071538937158868
2019-06-19,0.0045275072727824954
2019-06-20,0.007359603892870019
2019-06-21,0.004556112802874989
2019-06-24,0.004140336692062717
2019-06-25,0.004178393460234187
2019-06-26,0.004169953259926188
2019-06-27,0.004864119051506153
2019-06-28,0.0035971744373314326
2019-07-01,0.005733282067325395
2019-07-02,0.005435935895268663
2019-07-03,0.006069987182875585
2019-07-05,0.004124825728129844
2019-07-08,0.0047659342917855336
2019-07-09,0.002630166757708778
2019-07-10,0.003527837668220094
2019-07-11,0.0026729865244950126
2019-07-12,0.003797566939032561
2019-07-15,0.002356002536466401
2019-07-16,0.0027316575284869935
2019-07-17,0.0033793679025344893
2019-07-18,0.00451261588205143
2019-07-19,0.005441384185329553
2019-07-22,0.004198729606009986
2019-07-23,0.00528157876345714
2019-07-24,0.004775346546334148
2019-07-25,0.005592544798245294
2019-07-26,0.005771341661542199
2019-07-29,0.004751418033402773
2019-07-30,0.0038533143434229754
2019-07-31,0.005048204751080584
2019-08-01,0.007522239964330111
2019-08-02,0.009098041020170356
2019-08-05,0.015526366092688629
2019-08-06,0.016824198206808826
2019-08-07,0.014643262804906751
2019-08-08,0.010762689570630188
2019-08-09,0.00866454597812702
2019-08-12,0.012540288238812513
2019-08-13,0.011350249505624771
2019-08-14,0.019047502612584293
2019-08-15,0.01573664514000592
2019-08-16,0.015504882441653635
2019-08-19,0.009605823478274244
2019-08-20,0.011434149682919321
2019-08-21,0.009397456811288632
2019-08-22,0.00555513260958231
2019-08-23,0.011669354546489772
2019-08-26,0.012572732270971424
2019-08-27,0.013473438551397321
2019-08-28,0.006885195353972209
2019-08-29,0.007446651909824011
2019-08-30,0.006591404910511256
2019-09-03,0.006724357511218891
2019-09-04,0.006116438471241604
2019-09-05,0.01021088251095553
2019-09-06,0.008206609668185988
2019-09-09,0.004643372801678821
2019-09-10,0.00044215263640257253
2019-09-11,0.002539979810406044
2019-09-12,0.003466980343517174
2019-09-13,0.003601121827195519
2019-09-16,0.0022467353571851154
2019-09-17,0.0021478717219280048
2019-09-18,0.002020523857695052
2019-09-19,0.000980344392886214
2019-09-20,0.001756735637025681
2019-09-23,0.001674838081545789
2019-09-24,0.004485509562086457
2019-09-25,0.004896204941114295
2019-09-26,0.005674515071709522
2019-09-27,0.004634030276901887
2019-09-30,0.004265771934663384
2019-10-01,0.007566523913263269
2019-10-02,0.011811480449435021
2019-10-03,0.012779945302307819
2019-10-04,0.01337416473358996
2019-10-07,0.008848480762269191
2019-10-08,0.011429432355016906
2019-10-09,0.009744936113545788
2019-10-10,0.01038055282624615
2019-10-11,0.008779359533472525
2019-10-14,0.006220954586263545
2019-10-15,0.007391368907832399
2019-10-16,0.004432023867633959
2019-10-17,0.004889003966486062
2019-10-18,0.002895870744256287
2019-10-21,0.004511393928302958
2019-10-22,0.004783403024503475
2019-10-23,0.004422088903180435
2019-10-24,0.0027789190877929707
2019-10-25,0.0029420458385527085
2019-10-28,0.0038496180423571217
2019-10-29,0.00348766715516901
2019-10-30,0.0032155537852360965
2019-10-31,0.0023694266776678042
2019-11-01,0.005297152865014636
2019-11-04,0.005446871666499675
2019-11-05,0.004833193025593533
2019-11-06,0.0018619663698075694
2019-11-07,0.0015383428494636486
2019-11-08,0.001995342980424446
2019-11-11,0.002416057907302694
2019-11-12,0.00202840725963015
2019-11-13,0.001413033414767897
2019-11-14,0.0010371324952786938
2019-11-15,0.003071334320848743
2019-11-18,0.003001915905079857
2019-11-19,0.0029206084001584458
2019-11-20,0.001619684281147741
2019-11-21,0.0019800108689410315
2019-11-22,0.0025066121498355017
2019-11-25,0.0037452773053442147
2019-11-26,0.003948329824927789
2019-11-27,0.004612717052569058
2019-11-29,0.0034593951667430058
2019-12-02,0.005617835183084132
2019-12-03,0.0064493317273325995
2019-12-04,0.0072107888535929135
2019-12-05,0.004821003264481801
2019-12-06,0.005632343521942089
2019-12-09,0.004587068880510214
2019-12-10,0.004453205294628167
2019-12-11,0.0023897691276030864
2019-12-12,0.004180047024629982
2019-12-13,0.003838394685040169
2019-12-16,0.005244535822770842
2019-12-17,0.002510058707072797
2019-12-18,0.0026299968705088155
2019-12-19,0.001739002830282638
2019-12-20,0.0032714560889070287
2019-12-23,0.003415914446832285
2019-12-24,0.0019979439403669135
2019-12-26,0.0020587661422735446
2019-12-27,0.0017815046173933508
2019-12-30,0.003648880876353939
2019-12-31,0.0029244236210661818
2020-01-02,0.005694394028619108
2020-01-03,0.006123498457153991
2020-01-06,0.006318649973847938
2020-01-07,0.00447307654794065
2020-01-08,0.0037415979215028416
2020-01-09,0.004776954229047483
2020-01-10,0.004794316696684171
2020-01-13,0.005481490216781546
2020-01-14,0.00377564579011129
2020-01-15,0.00344537504217231
2020-01-16,0.003905292834271898
2020-01-17,0.004684973637801705
2020-01-21,0.004947323679767512
2020-01-22,0.0022664193045838646
2020-01-23,0.0013616202865415637
2020-01-24,0.0035042166387443652
2020-01-27,0.008693122658798685
2020-01-28,0.011647475094463441
2020-01-29,0.008908795333593724
2020-01-30,0.0046666968580493995
2020-01-31,0.007287050215052877
2020-02-03,0.00940744210042697
2020-02-04,0.013320728416700504
2020-02-05,0.011095173445903833
2020-02-06,0.009792416531668837
2020-02-07,0.0066411415751444006
2020-02-10,0.005345112062344491
2020-02-11,0.004800743272011222
2020-02-12,0.005142863970592794
2020-02-13,0.0032535593837312777
2020-02-14,0.0033051551878923763
2020-02-18,0.0021326088148739255
2020-02-19,0.003153599456306014
2020-02-20,0.0038139265661433857
2020-02-21,0.006363791648367406
2020-02-24,0.016161568693752678
2020-02-25,0.02513659767620458
2020-02-26,0.02287389370644133
2020-02-27,0.026567246017048133
2020-02-28,0.01907543226181475
2020-03-02,0.032817156077109146
2020-03-03,0.027264605600660286
2020-03-04,0.03828590101765364
2020-03-05,0.034785872241176276
2020-03-06,0.031016025151000142
2020-03-09,0.043574046344246255
2020-03-10,0.04814213633953892
2020-03-11,0.05910945272494533
2020-03-12,0.06608759921231268
2020-03-13,0.07961871738677162
2020-03-16,0.10546848560817562
2020-03-17,0.09156230568591502
2020-03-18,0.0797002608135298
2020-03-19,0.038715115312724334
2020-03-20,0.03408221910053875
2020-03-23,0.02625196201111486
2020-03-24,0.05458078584327689
2020-03-25,0.04362790800086471
2020-03-26,0.053898684671010715
2020-03-27,0.035426889029257086
2020-03-30,0.04259275572861589
2020-03-31,0.027792248966672307
2020-04-01,0.03141842136372585
2020-04-02,0.027953776859387703
2020-04-03,0.02765729353856386
2020-04-06,0.03526458734257834
2020-04-07,0.02827514800637904
2020-04-08,0.03435398479482583
2020-04-09,0.01649239351444883
2020-04-13,0.019342966979887046
2020-04-14,0.01821802977356134
2020-04-15,0.02084911722978464
2020-04-16,0.019397043361406036
2020-04-17,0.018172500844410373
2020-04-20,0.01676120515873655
2020-04-21,0.025212964290999673
2020-04-22,0.0239564204779384
2020-04-23,0.01812199449288767
2020-04-24,0.012344319603057187
2020-04-27,0.00965617546959027
2020-04-28,0.011228376313019617
2020-04-29,0.015366580805764236
2020-04-30,0.01358267251820385
2020-05-01,0.021317352792967953
2020-05-04,0.013985392304226732
2020-05-05,0.013900322930468384
2020-05-06,0.006748212710595937
2020-05-07,0.00914759042131505
2020-05-08,0.011724543710463864
2020-05-11,0.009434273381007914
2020-05-12,0.012525743401354872
2020-05-13,0.012821143921039469
2020-05-14,0.01659642673346638
2020-05-15,0.010998196544024855
2020-05-18,0.015464267259289316
2020-05-19,0.015157877228465247
2020-05-20,0.019356315698362804
2020-05-21,0.011619235544989557
2020-05-22,0.008889634870060585
2020-05-26,0.007456399672742191
2020-05-27,0.009761226066195745
2020-05-28,0.00968095727889814
2020-05-29,0.0072097934558472835
2020-06-01,0.003551716451863965
2020-06-02,0.005574105771023669
2020-06-03,0.008492731524442325
2020-06-04,0.008369455726190496
2020-06-05,0.014268357572602882
2020-06-08,0.013739352770350243
2020-06-09,0.015224470882387932
2020-06-10,0.00837555185357002
2020-06-11,0.02463656405039766
2020-06-12,0.026352078445560912
2020-06-15,0.02733561347322531
2020-06-16,0.013346333430032506
2020-06-17,0.010223169972505068
2020-06-18,0.007661897501047233
2020-06-19,0.0032887844007016345
2020-06-22,0.004244550088711291
2020-06-23,0.005479258684605301
2020-06-24,0.012322509374927874
2020-06-25,0.013797754199107495
2020-06-26,0.020540099226889954
2020-06-29,0.016667973385854
2020-06-30,0.01813214727470677
2020-07-01,0.011626933841719903
2020-07-02,0.008277627962814347
2020-07-06,0.00843248842828359
2020-07-07,0.010388459726207923
2020-07-08,0.011477131655079041
2020-07-09,0.008111351869756154
2020-07-10,0.007956129171355965
2020-07-13,0.008492682155565501
2020-07-14,0.011045251857801941
2020-07-15,0.01058833424510596
2020-07-16,0.008590090911124747
2020-07-17,0.005099178246017949
2020-07-20,0.0048760916856130454
2020-07-21,0.004297996392427989
2020-07-22,0.005260019061391422
2020-07-23,0.0066015461137602606
2020-07-24,0.008112216343665615
2020-07-27,0.008657982419335119
2020-07-28,0.006690668088134938
2020-07-29,0.008738049197290423
2020-07-30,0.007534506844614582
2020-07-31,0.007916773785791236
2020-08-03,0.006184633556663266
2020-08-04,0.006134007310889501
2020-08-05,0.00572331537533672
2020-08-06,0.005473903160772096
2020-08-07,0.0044830385753798
2020-08-10,0.0032594735213377995
2020-08-11,0.003790783314908631
2020-08-12,0.008213007656127586
2020-08-13,0.007983276790382505
2020-08-14,0.005373557455349749
2020-08-17,0.0016424491932863904
2020-08-18,0.0017262717745064459
2020-08-19,0.003140347090807442
2020-08-20,0.0032895061777816676
2020-08-21,0.003667659365500208
2020-08-24,0.005527490038740705
2020-08-25,0.005672905031138699
2020-08-26,0.00790917215176171
2020-08-27,0.005135182374063587
2020-08-28,0.0061752167420736324
2020-08-31,0.00352634135229598
2020-09-01,0.005468069815261582
2020-09-02,0.008314418913361406
2020-09-03,0.01950115856892033
2020-09-04,0.019724308346776714
2020-09-08,0.024024234660975734
2020-09-09,0.01875329016764076
2020-09-10,0.02194494522468092
2020-09-11,0.012739645581887775
2020-09-14,0.010311837036168644
2020-09-15,0.006133350371203335
2020-09-16,0.0074989226158914965
2020-09-17,0.006094460783734652
2020-09-18,0.008107724456177601
2020-09-21,0.010444030167892896
2020-09-22,0.011115719124500795
2020-09-23,0.015369639767143667
2020-09-24,0.012484453596715114
2020-09-25,0.014280261205319231
2020-09-28,0.011605212198018322
2020-09-29,0.012218971260828966
2020-09-30,0.009675439042226005
2020-10-01,0.006107691612372897
2020-10-02,0.007707534987238159
2020-10-05,0.010905290452968232
2020-10-06,0.013836328727377606
2020-10-07,0.0163774457077782
2020-10-08,0.013099147005456302
2020-10-09,0.01132682394862125
2020-10-12,0.011005279411315468
2020-10-13,0.010454839001501848
2020-10-14,0.009751531278572208
2020-10-15,0.004833662409145237
2020-10-16,0.002769668684967633
2020-10-19,0.006042832495046835
2020-10-20,0.007105256406207505
2020-10-21,0.007792990924520778
2020-10-22,0.004039887766195648
2020-10-23,0.0036144354451503684
2020-10-26,0.009136555103067613
2020-10-27,0.008411505552052336
2020-10-28,0.019240073481448416
2020-10-29,0.01694409079967356
2020-10-30,0.02000192683127838
2020-11-02,0.01210772975861636
2020-11-03,0.014029800673309821
2020-11-04,0.017231071409920404
2020-11-05,0.019574509705290274
2020-11-06,0.01378951600572227
2020-11-09,0.01039766570280642
2020-11-10,0.0044401688508618805
2020-11-11,0.0068851594434010946
2020-11-12,0.0063507183769761595
2020-11-13,0.010389975538784941
2020-11-16,0.011709311058731986
2020-11-17,0.009967575137924714
2020-11-18,0.009338463118320484
2020-11-19,0.006791110040953875
2020-11-20,0.007461874570377557
2020-11-23,0.005458173748500349
2020-11-24,0.009489434789600015
2020-11-25,0.0077460805837969585
2020-11-27,0.006670748198480774
2020-11-30,0.002861975472794183
2020-12-01,0.0060694641081553554
2020-12-02,0.005867948609056405
2020-12-03,0.0045406857568304785
2020-12-04,0.0037371267746951313
2020-12-07,0.0037864430781481204
2020-12-08,0.004506082774773535
2020-12-09,0.004233916519201812
2020-12-10,0.004016723548804635
2020-12-11,0.0035108991868254224
2020-12-14,0.002306840285717172
2020-12-15,0.006157689450532813
2020-12-16,0.0063261653071539845
2020-12-17,0.0067836168171750795
2020-12-18,0.003676555127151765
2020-12-21,0.004390789393479375
2020-12-22,0.0031688233769428275
2020-12-23,0.0022449021501661556
2020-12-24,0.0021170426589687467
2020-12-28,0.004320196929905713
2020-12-29,0.00481497411505905
2020-12-30,0.004085073486923137
2020-12-31,0.0033295725446872357
2021-01-04,0.007541205172936265
2021-01-05,0.009446866269030536
2021-01-06,0.009205332492620635
2021-01-07,0.00916316495786303
2021-01-08,0.008636233627914144
2021-01-11,0.008930475039296552
2021-01-12,0.00415628901356875
2021-01-13,0.003088362011305662
2021-01-14,0.002149757162012924
2021-01-15,0.0044165234179159045
2021-01-19,0.0063599905009277535
2021-01-20,0.009719625270183675
2021-01-21,0.007419849391195356
2021-01-22,0.0057237477335873735
2021-01-25,0.002313714445756242
2021-01-26,0.0027048044457028925
2021-01-27,0.01037085860009044
2021-01-28,0.012405519022004749
2021-01-29,0.018408997186550913
2021-02-01,0.015045992222743674
2021-02-02,0.016409068901260416
2021-02-03,0.01024502989898988
2021-02-04,0.008535212357859123
2021-02-05,0.005231009278290208
2021-02-08,0.007352291565113055
2021-02-09,0.004125390835257998
2021-02-10,0.0029438324841872267
2021-02-11,0.0010401549195668165
2021-02-12,0.002235430077124728
2021-02-16,0.002310160064210169
2021-02-17,0.0018632862529185407
2021-02-18,0.0017718340199360516
2021-02-19,0.002200895557275063
2021-02-22,0.00468170872827441
2021-02-23,0.00362501386696744
2021-02-24,0.00676869672540778
2021-02-25,0.012442197235561442
2021-02-26,0.013610864796318857
2021-03-01,0.017685699981221385
2021-03-02,0.012129128086333686
2021-03-03,0.014926062620001146
2021-03-04,0.011591350899566796
2021-03-05,0.015322910099300271
2021-03-08,0.012730012542375027
2021-03-09,0.012912466768888395
2021-03-10,0.008480415912981399
2021-03-11,0.010136476671858791
2021-03-12,0.005789637533058885
2021-03-15,0.005942549455867169
2021-03-16,0.003018913281846603
2021-03-17,0.003639033722722739
2021-03-18,0.0064389072315676555
2021-03-19,0.006116230129954027
2021-03-22,0.007491334212681858
2021-03-23,0.005087853563810601
2021-03-24,0.006714337206008537
2021-03-25,0.006123012717470716
2021-03-26,0.009067779563931564
2021-03-29,0.007529797239277536
2021-03-30,0.006841879231584447
2021-03-31,0.002549057542818884
2021-04-01,0.006178204476581347
2021-04-05,0.009902257260779304
2021-04-06,0.009021607710238319
2021-04-07,0.005594379467049214
2021-04-08,0.0022199672033347477
2021-04-09,0.0044587282581286065
2021-04-12,0.004032712413953937
2021-04-13,0.00372515276634346
2021-04-14,0.002527091545185461
2021-04-15,0.006139425987225686
2021-04-16,0.006243843097984358
2021-04-19,0.006652038218644289
2021-04-20,0.005249524753126965
2021-04-21,0.007136423949546858
2021-04-22,0.008447306645154022
2021-04-23,0.009795256255248254
2021-04-26,0.007301144116873143
2021-04-27,0.004288337813852623
2021-04-28,0.0009471670345065733
2021-04-29,0.002600286035180897
2021-04-30,0.004935550837107459
2021-05-03,0.005568358827971516
2021-05-04,0.005555257479153391
2021-05-05,0.0033827585391218305
2021-05-06,0.005178751165340805
2021-05-07,0.005393935808320244
2021-05-10,0.008656357120323172
2021-05-11,0.008849507354701972
2021-05-12,0.013628337667740659
2021-05-13,0.014164725692726005
2021-05-14,0.016196735166673366
2021-05-17,0.0098135604418932
2021-05-18,0.008631603053966827
2021-05-19,0.004678260793124316
2021-05-20,0.007333651176639817
2021-05-21,0.004743789730285775
2021-05-24,0.007048704963659102
2021-05-25,0.004258076985765828
2021-05-26,0.004621700114428014
2021-05-27,0.0017224130137673032
2021-05-28,0.0012694266977868825
2021-06-01,0.0008085591302501486
2021-06-02,0.0009023100828055981
2021-06-03,0.001857882283859592
2021-06-04,0.004625498491988644
2021-06-07,0.00440922090282905
2021-06-08,0.003255789763529736
2021-06-09,0.0009325328622995114
2021-06-10,0.0022139990313133125
2021-06-11,0.0028045087961989733
2021-06-14,0.0028005166981358138
2021-06-15,0.0019246050711165478
2021-06-16,0.00307732669547953
2021-06-17,0.002618078081658356
2021-06-18,0.006350623345618037
2021-06-21,0.009184109914425554
2021-06-22,0.010742641859531542
2021-06-23,0.006700146783674434
2021-06-24,0.003996568745929767
2021-06-25,0.003401121037126842
2021-06-28,0.003810593837379814
2021-06-29,0.0019715499519138008
2021-06-30,0.0013056216753555856
2021-07-01,0.002270872532616584
2021-07-02,0.004669138602431281
2021-07-06,0.004901346737282941
2021-07-07,0.004283115111085672
2021-07-08,0.0046583767968938344
2021-07-09,0.0077220178218777
2021-07-12,0.0077526465358547375
2021-07-13,0.006061023259724467
2021-07-14,0.002710833480742987
2021-07-15,0.002651613769793608
2021-07-16,0.003999748397601048
2021-07-19,0.008943923352534223
2021-07-20,0.01287100086257198
2021-07-21,0.01308454306175736
2021-07-22,0.008423828988082069
2021-07-23,0.006772337752547146
2021-07-26,0.004829446172742329
2021-07-27,0.005732427563720672
2021-07-28,0.002429743178820102
2021-07-29,0.0030357314863344517
2021-07-30,0.0032681081999224224
2021-08-02,0.003820850393526216
2021-08-03,0.005145060243736214
2021-08-04,0.0048858726421153395
2021-08-05,0.006266866053728334
2021-08-06,0.0041015004379370825
2021-08-09,0.002867233620228964
2021-08-10,0.0012021339224490902
2021-08-11,0.001069155960186024
2021-08-12,0.002134975126445317
2021-08-13,0.0023395849248057285
2021-08-16,0.0027870821248906206
2021-08-17,0.003769727382059676
2021-08-18,0.006836606204795544
2021-08-19,0.006382766536183064
2021-08-20,0.006723719997397866
2021-08-23,0.00595072504377032
2021-08-24,0.006030296892372038
2021-08-25,0.004066648053827536
2021-08-26,0.003184742010938537
2021-08-27,0.005609559590435252
2021-08-30,0.006302781824976493
2021-08-31,0.00480547418774001
2021-09-01,0.0019863303796602743
2021-09-02,0.0015000909104168532
2021-09-03,0.0011617776921795657
2021-09-07,0.002191681804215344
2021-09-08,0.0016852921757727873
2021-09-09,0.003112345472046512
2021-09-10,0.0045627454260437
2021-09-13,0.004880899946240001
2021-09-14,0.00526322221832536
2021-09-15,0.005491802854247965
2021-09-16,0.0052512843003673865
2021-09-17,0.006381089765078656
2021-09-20,0.009276017571648332
2021-09-21,0.009029465553576041
2021-09-22,0.0091367838415186
2021-09-23,0.007449651417567672
2021-09-24,0.007665402801840107
2021-09-27,0.00543395570049597
2021-09-28,0.008271501490482
2021-09-29,0.008307505332121847
2021-09-30,0.011374491673730924
2021-10-01,0.008325036464877625
2021-10-04,0.012159369035664258
2021-10-05,0.011655473886859799
2021-10-06,0.009211622965623353
2021-10-07,0.007609318719507912
2021-10-08,0.004757998430215113
2021-10-11,0.005689679214096848
2021-10-12,0.003741568006182696
2021-10-13,0.004109034419352293
2021-10-14,0.00745227464233036
2021-10-15,0.009123212931044518
2021-10-18,0.009240256908235154
2021-10-19,0.006055917046245658
2021-10-20,0.004797521394866757
2021-10-21,0.004671623183718822
2021-10-22,0.0025739519971950237
2021-10-25,0.0029338272779592966
2021-10-26,0.0025427433659206606
2021-10-27,0.0038731570814010516
2021-10-28,0.005554600084909614
2021-10-29,0.00559769867566903
2021-11-01,0.00450906154296575
2021-11-02,0.0024731677569377257
2021-11-03,0.003970853559727017
2021-11-04,0.004762441349667468
2021-11-05,0.004779855666997242
2021-11-08,0.0029288221496013346
2021-11-09,0.002706051677462365
2021-11-10,0.0042173823836545695
2021-11-11,0.004105180474416706
2021-11-12,0.0053357760203268
2021-11-15,0.0025860752583787804
2021-11-16,0.0036884054997580163
2021-11-17,0.0021578447971265144
2021-11-18,0.003280619742291438
2021-11-19,0.0024612415915785915
2021-11-22,0.002660322545153533
2021-11-23,0.0020858881017146755
2021-11-24,0.0023830811589410695
2021-11-26,0.008977998773061215
2021-11-29,0.01279735700627089
2021-11-30,0.018414742809998653
2021-12-01,0.014714252909543571
2021-12-02,0.015041187013954752
2021-12-03,0.011488211665250781
2021-12-06,0.011413897624901873
2021-12-07,0.013547552545892407
2021-12-08,0.011746246027508124
2021-12-09,0.010261042326046278
2021-12-10,0.006597097645773062
2021-12-13,0.008629638564509065
2021-12-14,0.008726883420559745
2021-12-15,0.010964382813804144
2021-12-16,0.010832284460985586
2021-12-17,0.011779698397702995
2021-12-20,0.010192075406140885
2021-12-21,0.013138706106426668
2021-12-22,0.013067960579193225
2021-12-23,0.011318298699858237
2021-12-27,0.010025730762661696
2021-12-28,0.006986376552581622
2021-12-29,0.005385210124783639
2021-12-30,0.001801937547549787
2021-12-31,0.0023415938724121424
2022-01-03,0.003992564128589049
2022-01-04,0.003204426265355369
2022-01-05,0.008855636251228378
2022-01-06,0.007059106098961782
2022-01-07,0.008201979709006197
2022-01-10,0.0021549151111546734
2022-01-11,0.0048729326907582604
2022-01-12,0.004458049668201781
2022-01-13,0.008759369233822326
2022-01-14,0.005993155172886057
2022-01-18,0.0112415929673332
2022-01-19,0.009705180175442724
2022-01-20,0.013131546214599785
2022-01-21,0.013310509523475428
2022-01-24,0.010987547489988899
2022-01-25,0.011370163546590402
2022-01-26,0.00550408408034048
2022-01-27,0.006380994198682641
2022-01-28,0.010317453289081086
2022-01-31,0.01605480972144735
2022-02-01,0.01653511813312104
2022-02-02,0.011642595673208656
2022-02-03,0.013637144172254057
2022-02-04,0.01307185020276958
2022-02-07,0.011181910362604255
2022-02-08,0.005739457611442148
2022-02-09,0.008829178824575868
2022-02-10,0.013686926686235917
2022-02-11,0.01728211640080246
2022-02-14,0.01376049928345753
2022-02-15,0.012881130318409947
2022-02-16,0.006790842716326171
2022-02-17,0.012641680518957516
2022-02-18,0.009824428562894803
2022-02-22,0.012929067077501613
2022-02-23,0.011990144311094042
2022-02-24,0.014541525478842793
2022-02-25,0.018518640546630362
2022-02-28,0.013139259089038633
2022-03-01,0.01338871323797413
2022-03-02,0.012170368618742029
2022-03-03,0.013111345074428684
2022-03-04,0.010568417326939009
2022-03-07,0.01439893068071855
2022-03-08,0.015062771749058701
2022-03-09,0.02086540963741858
2022-03-10,0.012311564025864951
2022-03-11,0.014240308991875486
2022-03-14,0.008265334649672886
2022-03-15,0.013892527917638805
2022-03-16,0.016922742156023907
2022-03-17,0.018530585489857584
2022-03-18,0.015334647042993976
2022-03-21,0.008100591444963315
2022-03-22,0.007756756263976604
2022-03-23,0.008008028248340866
2022-03-24,0.01261044740039438
2022-03-25,0.010548007802218123
2022-03-28,0.008804981363350001
2022-03-29,0.008118325293659698
2022-03-30,0.008538394706840811
2022-03-31,0.011423989460848083
2022-04-01,0.008498115099266275
2022-04-04,0.009079712943614563
2022-04-05,0.008031320874261559
2022-04-06,0.010151325172872911
2022-04-07,0.00887998617950745
2022-04-08,0.005554448713356457
2022-04-11,0.00797341560409526
2022-04-12,0.007699727263566916
2022-04-13,0.010519079480090997
2022-04-14,0.008918128079464615
2022-04-18,0.007845324345754088
2022-04-19,0.009451138153841425
2022-04-20,0.005584533494963291
2022-04-21,0.010470522254593481
2022-04-22,0.014537866111620201
2022-04-25,0.016225565690929946
2022-04-26,0.020787950131058785
2022-04-27,0.012109207699224717
2022-04-28,0.018363837764798174
2022-04-29,0.021166888050163635
2022-05-02,0.02235467147311497
2022-05-03,0.015814608051290754
2022-05-04,0.0133032953185242
2022-05-05,0.023517121418307196
2022-05-06,0.023805427844294787
2022-05-09,0.024850860515574846
2022-05-10,0.013568928571322069
2022-05-11,0.017205544485447238
2022-05-12,0.006783972960675133
2022-05-13,0.013828768370097222
2022-05-16,0.009613427177438778
2022-05-17,0.015837465362620203
2022-05-18,0.021718979130144655
2022-05-19,0.022351197883353102
2022-05-20,0.015743601720195656
2022-05-23,0.00812733042713295
2022-05-24,0.008895025802536377
2022-05-25,0.0119817773215168
2022-05-26,0.012416167520070168
2022-05-27,0.0178452272540973
2022-05-31,0.016807810405614965
2022-06-01,0.012748723416759825
2022-06-02,0.010689421853395034
2022-06-03,0.014085512022172529
2022-06-06,0.01262604014413272
2022-06-07,0.009697742182857632
2022-06-08,0.007821147992970385
2022-06-09,0.01480580407901022
2022-06-10,0.02149383183890677
2022-06-13,0.031056268155534972
2022-06-14,0.02428772161364634
2022-06-15,0.01926926962202134
2022-06-16,0.01710669466328825
2022-06-17,0.01657923776379617
2022-06-21,0.019811043138508674
2022-06-22,0.009227780799014266
2022-06-23,0.011657322513861977
2022-06-24,0.013631677436938322
2022-06-27,0.014190037368599402
2022-06-28,0.017810570923245523
2022-06-29,0.00801272396424694
2022-06-30,0.009952846072011754
2022-07-01,0.006669458776834198
2022-07-05,0.00695975087215592
2022-07-06,0.0052160606917965825
2022-07-07,0.0066677980082889355
2022-07-08,0.00641704509404124
2022-07-11,0.009092919090030722
2022-07-12,0.007237300851382193
2022-07-13,0.008449383423278637
2022-07-14,0.005585623807358224
2022-07-15,0.008829744861071536
2022-07-18,0.01014037098574462
2022-07-19,0.018223830596066793
2022-07-20,0.013843584690207968
2022-07-21,0.014315026091430877
2022-07-22,0.008355949308125221
2022-07-25,0.006834552318874788
2022-07-26,0.007433644288794352
2022-07-27,0.012914898117066092
2022-07-28,0.0164969037232684
2022-07-29,0.017329381450765135
2022-08-01,0.009665057372861023
2022-08-02,0.007873180235180416
2022-08-03,0.008343073741320428
2022-08-04,0.007659929052903778
2022-08-05,0.0059740559329198245
2022-08-08,0.0012143428735689307
2022-08-09,0.00237437679232217
2022-08-10,0.008854406576462068
2022-08-11,0.00867687514679949
2022-08-12,0.012982309385321545
2022-08-15,0.007280484613619663
2022-08-16,0.007669884611224558
2022-08-17,0.004366573916609675
2022-08-18,0.003801675737480137
2022-08-19,0.007505011003997052
2022-08-22,0.012294428233820485
2022-08-23,0.012285555175476892
2022-08-24,0.008928217866552077
2022-08-25,0.006381842959548321
2022-08-26,0.01705791161729024
2022-08-29,0.01831683111682379
2022-08-30,0.017348889335493774
2022-08-31,0.008541943299198274
2022-09-01,0.007309635655821629
2022-09-02,0.007211347682024089
2022-09-06,0.005963256509604793
2022-09-07,0.011024288642596462
2022-09-08,0.009622426745835815
2022-09-09,0.013306610175941121
2022-09-12,0.010757877761609344
2022-09-13,0.023294609791846128
2022-09-14,0.019369701157724014
2022-09-15,0.019654241406049
2022-09-16,0.007323870351643106
2022-09-19,0.00847467324435414
2022-09-20,0.008459287433837769
2022-09-21,0.01181149553069485
2022-09-22,0.012354694221853575
2022-09-23,0.014370265565430368
2022-09-26,0.012080161162688417
2022-09-27,0.00996660020414533
2022-09-28,0.01066603867541919
2022-09-29,0.01431884998635819
2022-09-30,0.018671763516819713
2022-10-03,0.020696241300078983
2022-10-04,0.02362042349797976
2022-10-05,0.01923330216888937
2022-10-06,0.01414775062904438
2022-10-07,0.013573702333937121
2022-10-10,0.015407264192175337
2022-10-11,0.014154796025818197
2022-10-12,0.005785797065380943
2022-10-13,0.01182365912337373
2022-10-14,0.017625859900775278
2022-10-17,0.025238968203240463
2022-10-18,0.020481804503059236
2022-10-19,0.014730916001444556
2022-10-20,0.008679970061846171
2022-10-21,0.012708300612966107
2022-10-24,0.014414128934775144
2022-10-25,0.017131823360477902
2022-10-26,0.01178761687332544
2022-10-27,0.009884031822683093
2022-10-28,0.012614787407676886
2022-10-31,0.012637182951459063
2022-11-01,0.011973342507183913
2022-11-02,0.01230394482939276
2022-11-03,0.013357309996599488
2022-11-04,0.016496363185001136
2022-11-07,0.011245769165626557
2022-11-08,0.009559055931227798
2022-11-09,0.012049043073474293
2022-11-10,0.026843861068620477
2022-11-11,0.028049204227290046
2022-11-14,0.024042256171494903
2022-11-15,0.008949876421452068
2022-11-16,0.008645866690486977
2022-11-17,0.006685254723590737
2022-11-18,0.005375894468087078
2022-11-21,0.00391088336422103
2022-11-22,0.007375717229013391
2022-11-23,0.00775904070394742
2022-11-25,0.00655631885792304
2022-11-28,0.0072483490430758565
2022-11-29,0.005813638252630547
2022-11-30,0.015878824672328037
2022-12-01,0.010979929017508626
2022-12-02,0.010847342671554324
2022-12-05,0.006706544708113416
2022-12-06,0.011251831239239904
2022-12-07,0.011474742091854964
2022-12-08,0.007953870342250322
2022-12-09,0.0055781536893260404
2022-12-12,0.009682887048673839
2022-12-13,0.009606083339773476
2022-12-14,0.009170882392981061
2022-12-15,0.012857272593706406
2022-12-16,0.014169611490557897
2022-12-19,0.015162015596313841
2022-12-20,0.007095123195002075
2022-12-21,0.008281226102682948
2022-12-22,0.010117497288363565
2022-12-23,0.011722214479705
2022-12-27,0.008155312934906728
2022-12-28,0.00733408891650771
2022-12-29,0.01115398293086746
2022-12-30,0.01064936013468458
2023-01-03,0.00795439414745958
2023-01-04,0.0046877475631744445
2023-01-05,0.007744378726623219
2023-01-06,0.013936133085178362
2023-01-09,0.011688543995764996
2023-01-10,0.010101920273810521
2023-01-11,0.006829832152262066
2023-01-12,0.007710551368770723
2023-01-13,0.00672218274966415
2023-01-17,0.0031438441625650303
2023-01-18,0.007235471507338325
2023-01-19,0.00846173143685113
2023-01-20,0.01403143747730301
2023-01-23,0.012740220468497638
2023-01-24,0.01042158195599077
2023-01-25,0.00423493796302867
2023-01-26,0.0039470686556239195
2023-01-27,0.004540394541427931
2023-01-30,0.008831003788703598
2023-01-31,0.010027202584472006
2023-02-01,0.012662643342865631
2023-02-02,0.01317558180995892
2023-02-03,0.011799677913486925
2023-02-06,0.010386790222640354
2023-02-07,0.009786116673050448
2023-02-08,0.010030776768186386
2023-02-09,0.010933982303750511
2023-02-10,0.007401479517555279
2023-02-13,0.007481811830469877
2023-02-14,0.004618959838622003
2023-02-15,0.00481112044657519
2023-02-16,0.00564482686448401
2023-02-17,0.006475089636747
2023-02-21,0.012300238450212003
2023-02-22,0.008196940543799262
2023-02-23,0.009044952574117594
2023-02-24,0.005827846122885089
2023-02-27,0.006325678474188054
2023-02-28,0.0055674589967580485
2023-03-01,0.003615125524664265
2023-03-02,0.00511022592187883
2023-03-03,0.00943626903705728
2023-03-06,0.008086424572467865
2023-03-07,0.010717090165448806
2023-03-08,0.005848771818488877
2023-03-09,0.011830414197074798
2023-03-10,0.011543207172384079
2023-03-13,0.011575576407429245
2023-03-14,0.010812419837389682
2023-03-15,0.008286218001818668
2023-03-16,0.01358577613791632
2023-03-17,0.011831853817446331
2023-03-20,0.012456355719642084
2023-03-21,0.010952712809484543
2023-03-22,0.012792588598114269
2023-03-23,0.010826326675861461
2023-03-24,0.008401431864442829
2023-03-27,0.003416548839084227
2023-03-28,0.0029482153121527153
2023-03-29,0.005785851209067247
2023-03-30,0.007136984410686462
2023-03-31,0.011389732585521992
2023-04-03,0.007908116546080679
2023-04-04,0.007946396768566602
2023-04-05,0.004000448049975586
2023-04-06,0.0039606982086690485
2023-04-10,0.0023546872689782414
2023-04-11,0.0015366444942656076
2023-04-12,0.001726872224484987
2023-04-13,0.0057867733847588075
2023-04-14,0.006463494801956964
2023-04-17,0.006182577221674754
2023-04-18,0.0020756919902195628
2023-04-19,0.0014132746446734424
2023-04-20,0.002303151846572235
2023-04-21,0.002319127331183872
2023-04-24,0.0025747777412947668
2023-04-25,0.005897060618049873
2023-04-26,0.006878994700064536
2023-04-27,0.013054320241539219
2023-04-28,0.010481702739761555
2023-05-01,0.009327568588150193
2023-05-02,0.006753139690889638
2023-05-03,0.006354331927991835
2023-05-04,0.008640576063509153
2023-05-05,0.010857995953830857
2023-05-08,0.008667702107274858
2023-05-09,0.007782710595158504
2023-05-10,0.003171969205054718
2023-05-11,0.003587315339996282
2023-05-12,0.0025855229070079993
2023-05-15,0.0020788080733607638
2023-05-16,0.0036454890040976654
2023-05-17,0.007057531338205247
2023-05-18,0.009206506455905386
2023-05-19,0.0075561085221580475
2023-05-22,0.0036675532080683187
2023-05-23,0.004295801786304911
2023-05-24,0.006262001405838884
2023-05-25,0.0091168125692836
2023-05-26,0.009676549947018219
2023-05-30,0.0072335800774810215
2023-05-31,0.006369547426142066
2023-06-01,0.005316725487514935
2023-06-02,0.010121128573995481
2023-06-05,0.008747206332174828
2023-06-06,0.006262178038205221
2023-06-07,0.002725338550309625
2023-06-08,0.004113331922598137
2023-06-09,0.003712088852331453
2023-06-12,0.005531649204109301
2023-06-13,0.005777982272181796
2023-06-14,0.005668545248321292
2023-06-15,0.006610747085370659
2023-06-16,0.005534015637304725
2023-06-20,0.006843103617458585
2023-06-21,0.004561272242132898
2023-06-22,0.004569790215396761
2023-06-23,0.005550434946502844
2023-06-26,0.005296384268989582
2023-06-27,0.007858651962238873
2023-06-28,0.005413935710919756
2023-06-29,0.005402813637621285
2023-06-30,0.005670685902555751
2023-07-03,0.00594263717505293
2023-07-05,0.005111533854796939
2023-07-06,0.003698104140576968
2023-07-07,0.004264510708450102
2023-07-10,0.004408470860751529
2023-07-11,0.003996978515252374
2023-07-12,0.005501875929456469
2023-07-13,0.0075126574077572054
2023-07-14,0.005614440103235439
2023-07-17,0.004435794920455905
2023-07-18,0.0039883228857558435
2023-07-19,0.004431723771779349
2023-07-20,0.005409009721639879
2023-07-21,0.003153001431071625
2023-07-24,0.0037099693025818546
2023-07-25,0.002386933362442192
2023-07-26,0.0023307363320929733
2023-07-27,0.0031371878882697317
2023-07-28,0.005476739984833935
2023-07-31,0.0059141348041315605
2023-08-01,0.004655218869927597
2023-08-02,0.006024160460862553
2023-08-03,0.006385357132103465
2023-08-04,0.007267198487521884
2023-08-07,0.0056163379296953475
2023-08-08,0.006174997812951127
2023-08-09,0.006758147722320175
2023-08-10,0.0038471688984044405
2023-08-11,0.002794855488804124
2023-08-14,0.0023516507479287682
2023-08-15,0.006140803048924473
2023-08-16,0.00831207536550705
2023-08-17,0.008981677522083344
2023-08-18,0.005158537018036917
2023-08-21,0.004915721364301629
2023-08-22,0.0032618945967675477
2023-08-23,0.006873765567224101
2023-08-24,0.009105005303471978
2023-08-25,0.01040972864138847
2023-08-28,0.008829977907678336
2023-08-29,0.009114882788849364
2023-08-30,0.008158333829148627
2023-08-31,0.0066093786410168125
2023-09-01,0.0024071933439911946
2023-09-05,0.00253290789998643
2023-09-06,0.004332175044597718
2023-09-07,0.0048051484761821575
2023-09-08,0.0038793511858323184
2023-09-11,0.0037809968920419225
2023-09-12,0.004612908861132266
2023-09-13,0.004551327574267422
2023-09-14,0.00511587222473494
2023-09-15,0.0072898644978982505
2023-09-18,0.007116586356778556
2023-09-19,0.005036166966067514
2023-09-20,0.004104519753999885
2023-09-21,0.009376483295437407
2023-09-22,0.009424786642513281
2023-09-25,0.007616716641685141
2023-09-26,0.007052465696277428
2023-09-27,0.0063628158486985975
2023-09-28,0.00698311013252012
2023-09-29,0.002939474854528243
2023-10-02,0.0028895003699044874
2023-10-03,0.00554400663929716
2023-10-04,0.007331935959143703
2023-10-05,0.007740441539424413
2023-10-06,0.00704252361626172
2023-10-09,0.0064448637675607314
2023-10-10,0.0077413954090966505
2023-10-11,0.005254121239822614
2023-10-12,0.0052481068661322594
2023-10-13,0.00519378006233793
2023-10-16,0.007278720967821589
2023-10-17,0.005222795947417872
2023-10-18,0.00804243347772854
2023-10-19,0.007369230152884537
2023-10-20,0.011558196611516395
2023-10-23,0.0076237245298829415
2023-10-24,0.00719722159373989
2023-10-25,0.007789983394372792
2023-10-26,0.011195346460817239
2023-10-27,0.010386118147147882
2023-10-30,0.009551131361497168
2023-10-31,0.007734799233531628
2023-11-01,0.009614584704055332
2023-11-02,0.011862739581988852
2023-11-03,0.012828005842063762
2023-11-06,0.009928093400912915
2023-11-07,0.004645811556788076
2023-11-08,0.001863987366957048
2023-11-09,0.003985731711066841
2023-11-10,0.008205620305775912
2023-11-13,0.008149546080448275
2023-11-14,0.011742439338951124
2023-11-15,0.007109099012953792
2023-11-16,0.007226942665319035
2023-11-17,0.00135556184724634
2023-11-20,0.0032780170425624924
2023-11-21,0.003555769248637581
2023-11-22,0.0044796616066223
2023-11-24,0.002224192230182932
2023-11-27,0.002201890043507225
2023-11-28,0.0011774678547528802
2023-11-29,0.001294134847450697
2023-11-30,0.0019010888210283204
2023-12-01,0.0035267289629604356
2023-12-04,0.005018892770045757
2023-12-05,0.00394959287053612
2023-12-06,0.003302023849250791
2023-12-07,0.004139831389437647
2023-12-08,0.005312532222121074
2023-12-11,0.005313519441384688
2023-12-12,0.004197586811819651
2023-12-13,0.007354657190535054
2023-12-14,0.0069302410519556145
2023-12-15,0.005426054253541013
2023-12-18,0.002412646598630753
2023-12-19,0.003481214038222663
2023-12-20,0.008386845893175008
2023-12-21,0.01029706157446546
2023-12-22,0.008900199808446184
2023-12-26,0.005376737502337162
2023-12-27,0.0024369595966735737
2023-12-28,0.0020074342579096114
2023-12-29,0.0015433395965635003
2024-01-02,0.0029590813330939067
2024-01-03,0.005518585387884865
2024-01-04,0.0057198502546772665
2024-01-05,0.004435637174586466
2024-01-08,0.0064247462463682195
2024-01-09,0.0057729869760349386
2024-01-10,0.007048306673000265
2024-01-11,0.0026000851394075227
2024-01-12,0.002357318457085702
2024-01-16,0.0017200979156627844
2024-01-17,0.003373914700895692
2024-01-18,0.006045923674526034
2024-01-19,0.008879253409966485
2024-01-22,0.007732316715341105
2024-01-23,0.005782448253514885
2024-01-24,0.0019735451680710035
2024-01-25,0.002991764133625992
2024-01-26,0.002236724921486206
2024-01-29,0.004475647097829319
2024-01-30,0.0029270645355233067
2024-01-31,0.008122015880986159
2024-02-01,0.00975132275058735
2024-02-02,0.013093636192472188
2024-02-05,0.008745160515322281
2024-02-06,0.0053756471212217235
2024-02-07,0.004568951078346893
2024-02-08,0.003695283005275441
2024-02-09,0.004834673420964899
2024-02-12,0.0024152472539186475
2024-02-13,0.006814643572025981
2024-02-14,0.008084060605413989
2024-02-15,0.009702383465804045
2024-02-16,0.006717861509660518
2024-02-20,0.00554761421348302
2024-02-21,0.004033957128714458
2024-02-22,0.009396572158861917
2024-02-23,0.00750472570421331
2024-02-26,0.008348238312524686
2024-02-27,0.0019489072699638678
2024-02-28,0.00238612201017788
2024-02-29,0.0028599657225657203
2024-03-01,0.004950312679343697
2024-03-04,0.004795127113838985
2024-03-05,0.006471772411867647
2024-03-06,0.005522437917670171
2024-03-07,0.008541580471301087
2024-03-08,0.007309752710011868
2024-03-11,0.005974731157200414
2024-03-12,0.006270767948915473
2024-03-13,0.004729588285606019
2024-03-14,0.005313705880095047
2024-03-15,0.0037685426214996314
2024-03-18,0.005225809358758676
2024-03-19,0.00614515337242139
2024-03-20,0.006932067583442682
2024-03-21,0.005909775876985944
2024-03-22,0.0044997487909337365
2024-03-25,0.0025647071036291667
2024-03-26,0.0024221780743954036
2024-03-27,0.0048189859747127485
2024-03-28,0.00417106010477231
2024-04-01,0.003908357611482352
2024-04-02,0.0034656218342802455
2024-04-03,0.003457176727337236
2024-04-04,0.0069223170674532946
2024-04-05,0.008179871060807961
2024-04-08,0.007941262323040262
2024-04-09,0.004285733615821367
2024-04-10,0.003773710815984904
2024-04-11,0.006121217731072885
2024-04-12,0.010525597206204546
2024-04-15,0.011389668524350034
2024-04-16,0.00960346938890094
2024-04-17,0.006650065114057213
2024-04-18,0.0033555337679978137
2024-04-19,0.005601702127018419
2024-04-22,0.006567027503793776
2024-04-23,0.00979468245953937
2024-04-24,0.006933301700831346
2024-04-25,0.005564496063671368
2024-04-26,0.004985767643619012
2024-04-29,0.0059725745513320135
2024-04-30,0.009728780183999114
2024-05-01,0.007490104243354668
2024-05-02,0.00946130978469232
2024-05-03,0.00833564529007484
2024-05-06,0.01061291866781902
2024-05-07,0.008031419859860419
2024-05-08,0.0038738458437236785
2024-05-09,0.00214213216778148
2024-05-10,0.0022439694354252676
2024-05-13,0.0023224686150344585
2024-05-14,0.0022385072525266518
2024-05-15,0.005571769813579718
2024-05-16,0.00618593792163395
2024-05-17,0.004965253649760463
2024-05-20,0.0013879678234909778
2024-05-21,0.001526271905432532
2024-05-22,0.0020415037067049034
2024-05-23,0.00420556770609966
2024-05-24,0.005698200809200597
2024-05-28,0.00487786074759228
2024-05-29,0.0048732457172813125
2024-05-30,0.004545348552794201
2024-05-31,0.007127699684827286
2024-06-03,0.005034747330406109
2024-06-04,0.0035376551688312725
2024-06-05,0.0047983856687396085
2024-06-06,0.004493177818458892
2024-06-07,0.004364564841586339
2024-06-10,0.0012977362568075952
2024-06-11,0.002133362341331819
2024-06-12,0.004583988381823592
2024-06-13,0.004505448821733492
2024-06-14,0.003734523273991741
2024-06-17,0.0034570046508028015
2024-06-18,0.0035157522552739587
2024-06-20,0.004227481975470152
2024-06-21,0.0022035444319179484
2024-06-24,0.0023874527567010573
2024-06-25,0.0028530348589038876
2024-06-26,0.002855649686589402
2024-06-27,0.0021346599202336125
2024-06-28,0.0021900398479630314
2024-07-01,0.0025569714487531977
2024-07-02,0.004313403427684826
2024-07-03,0.004639919674049421
2024-07-05,0.005560580785342282
2024-07-08,0.0038405730129457733
2024-07-09,0.0023969847718131386
2024-07-10,0.0039710982627339025
2024-07-11,0.006566254078896591
2024-07-12,0.008153276261196473
2024-07-15,0.005708576791070091
2024-07-16,0.0048977101399236824
2024-07-17,0.007738902639483823
2024-07-18,0.00941386786511996
2024-07-19,0.00967947763180057
2024-07-22,0.0085824028576827
2024-07-23,0.0064864713964342255
2024-07-24,0.011904925691067552
2024-07-25,0.010045482963875994
2024-07-26,0.01320218386156108
2024-07-29,0.005666096333705534
2024-07-30,0.00560497144758899
2024-07-31,0.00715182487837127
2024-08-01,0.01147687295175851
2024-08-02,0.01600367036748706
2024-08-05,0.020922690605679445
2024-08-06,0.01976026584758318
2024-08-07,0.016164202107655252
2024-08-08,0.013615568165789904
2024-08-09,0.011735551122423318
2024-08-12,0.009161657025666896
2024-08-13,0.007137021635050597
2024-08-14,0.006855567692916196
2024-08-15,0.012176053303850834
2024-08-16,0.0072695762869662214
2024-08-19,0.009222539911959343
2024-08-20,0.004549885680727869
2024-08-21,0.005297523131598084
2024-08-22,0.005063394738424566
2024-08-23,0.008207198126442806
2024-08-26,0.007849863261139482
2024-08-27,0.005390190864991771
2024-08-28,0.003582178662682032
2024-08-29,0.002542401902128619
2024-08-30,0.005358579239105313
2024-09-03,0.010486600098326143
2024-09-04,0.011008083159640934
2024-09-05,0.008668124486626417
2024-09-06,0.007345784842122506
2024-09-09,0.010649019970564236
2024-09-10,0.01112905960979521
2024-09-11,0.008861596680114334
2024-09-12,0.007512869283818256
2024-09-13,0.007823016680334074
2024-09-16,0.0047054451009499515
2024-09-17,0.002304499368787753
2024-09-18,0.001473671519468152
2024-09-19,0.006666510157564019
2024-09-20,0.007225976358458824
2024-09-23,0.0071942016272358
2024-09-24,0.002418759719691391
2024-09-25,0.002392116223245676
2024-09-26,0.002800518778896514
2024-09-27,0.002382509370544141
2024-09-30,0.0031707162025371182
2024-10-01,0.004949818403133389
2024-10-02,0.004577944552699473
2024-10-03,0.003729686225299863
2024-10-04,0.003583821893543841
2024-10-07,0.0067484493943446066
2024-10-08,0.009401742111089838
2024-10-09,0.008787733883692573
2024-10-10,0.006267735442557143
2024-10-11,0.0050647027434252544
2024-10-14,0.0052613305959585
2024-10-15,0.0071167630849736435
2024-10-16,0.006661637755305476
2024-10-17,0.00415932460662009
2024-10-18,0.002934364936973585
2024-10-21,0.0019864316234532086
2024-10-22,0.002087695469672418
2024-10-23,0.003844407897015703
2024-10-24,0.003950754674103171
2024-10-25,0.003892263122766663
2024-10-28,0.00169696658297156
2024-10-29,0.0015200842020834755
2024-10-30,0.0025221507551604397
2024-10-31,0.007902884196331582
2024-11-01,0.008726661542396324
2024-11-04,0.008563445922654032
2024-11-05,0.006363744637375557
2024-11-06,0.013329452266646627
2024-11-07,0.014858688720248417
2024-11-08,0.01204494303401745
2024-11-11,0.004040714133556865
2024-11-12,0.0025384132554262064
2024-11-13,0.0013658821857893543
2024-11-14,0.003065720309214577
2024-11-15,0.006530580091948405
2024-11-18,0.007756566398414755
2024-11-19,0.007052447051536052
2024-11-20,0.0026292869627128125
2024-11-21,0.0031013176620734635
2024-11-22,0.0029367206996803556
2024-11-25,0.003934713085316459
2024-11-26,0.004061194855641585
2024-11-27,0.004176702026532816
2024-11-29,0.005035432920223157
2024-12-02,0.003948688495328992
2024-12-03,0.002829643860639433
2024-12-04,0.0029766642297092073
2024-12-05,0.002785351528772229
2024-12-06,0.0034656842372776057
2024-12-09,0.003509012810178727
2024-12-10,0.0038745990028235425
2024-12-11,0.005754692697908734
2024-12-12,0.005509880756653997
2024-12-13,0.004529274954104682
2024-12-16,0.003082451118803445
2024-12-17,0.0025633671183411164
2024-12-18,0.012533379918019462
2024-12-19,0.011557823845478864
2024-12-20,0.013870823833354353
2024-12-23,0.006312271912862485
2024-12-24,0.009684520724815297
2024-12-26,0.006216274599197914
2024-12-27,0.007501759725475572
2024-12-30,0.00742757333163323
2024-12-31,0.008723661802343807
2025-01-02,0.005760014530677021
2025-01-03,0.006345908772085786
2025-01-06,0.006755495451364407
2025-01-07,0.009735381573760414
2025-01-08,0.006082644035762131
2025-01-10,0.009418934420233865
2025-01-13,0.006221662040706567
2025-01-14,0.006083821773221938
2025-01-15,0.006955653391572773
2025-01-16,0.007135893351135351
2025-01-17,0.010067844995542176
2025-01-21,0.006928803967211771
2025-01-22,0.008263556264625993
2025-01-23,0.006716203342936505
2025-01-24,0.004759272218148506
2025-01-27,0.007615564825369795
2025-01-28,0.00890763973143227
2025-01-29,0.00951785973509525
2025-01-30,0.0063756894691352935
2025-01-31,0.005003676080181784
2025-02-03,0.005986280971040318
2025-02-04,0.006632067381126853
2025-02-05,0.006245884016045967
2025-02-06,0.004912545224636321
2025-02-07,0.005682858008923506
2025-02-10,0.00661254415628082
2025-02-11,0.005513161085750017
2025-02-12,0.003252406897002319
2025-02-13,0.004479807182519048
2025-02-14,0.004390614266485929
2025-02-18,0.004295421081656374
2025-02-19,0.0016293663059834505
2025-02-20,0.003053252468888705
2025-02-21,0.007976383481348779
2025-02-24,0.008845498374360572
2025-02-25,0.00896120179239567
2025-02-26,0.0032694079114104486
2025-02-27,0.0069394909488345495
2025-02-28,0.010619179376257157
2025-03-03,0.01649164191583229
2025-03-04,0.015264490433492567
2025-03-05,0.01372038780285
2025-03-06,0.013795812622565568
2025-03-07,0.01152752822721523
2025-03-10,0.016942884647112716
2025-03-11,0.013481874584139719
2025-03-12,0.013271718882485156
2025-03-13,0.008819993888497158
2025-03-14,0.013302080233383945
2025-03-17,0.013808969244755697
2025-03-18,0.012716402682216332
2025-03-19,0.00928230343697737
2025-03-20,0.00787951961670302
2025-03-21,0.004584068446365111
2025-03-24,0.006834571416751482
2025-03-25,0.006629842075708427
2025-03-26,0.010094950992296998
2025-03-27,0.005368398951794644
2025-03-28,0.011488900830527888
2025-03-31,0.009590100830543782
2025-04-01,0.009743982013237102
2025-04-02,0.005334335447447289
2025-04-03,0.020028559271230924
2025-04-04,0.03930687839378224
2025-04-07,0.0378497227777304
2025-04-08,0.026589446593749812
2025-04-09,0.03635138589713996
2025-04-10,0.04731352337806766
2025-04-11,0.048015289230975394
2025-04-14,0.02035476906207757
2025-04-15,0.009190991795807315
2025-04-16,0.010768616172182133
2025-04-17,0.008572829271325395
2025-04-21,0.015946286974231092
2025-04-22,0.016660853051386575
2025-04-23,0.021726821608782632
2025-04-24,0.020462481524971016
2025-04-25,0.014642192391414862
2025-04-28,0.009347738139095193
2025-04-29,0.004590742619260073
2025-04-30,0.0026350134454973177
2025-05-01,0.004514628171313997
2025-05-02,0.007459144707319415
2025-05-05,0.009100194632948566
2025-05-06,0.009581407835124458
2025-05-07,0.006153990175192464
2025-05-08,0.005947648207247779
2025-05-09,0.003610564492603463
2025-05-12,0.012844910682567802
2025-05-13,0.01332458997349458
2025-05-14,0.013428642320833269
2025-05-15,0.004123255900426566
2025-05-16,0.004042852683044637
2025-05-19,0.00399346546470647
2025-05-20,0.003914785334573671
2025-05-21,0.0070100753011265735
2025-05-22,0.006866488765187462
2025-05-23,0.007814196293884405
2025-05-27,0.009142816805359564
2025-05-28,0.01085676101143083
2025-05-29,0.009947518090134565
2025-05-30,0.0032237206487857792
2025-06-02,0.002726003620179544
2025-06-03,0.0033194578347109966
2025-06-04,0.003316956590238047
2025-06-05,0.0037161920862620753
2025-06-06,0.00519774631293132
2025-06-09,0.0054796931268220545
2025-06-10,0.005538577981138298
2025-06-11,0.0030450660361982366
2025-06-12,0.004010268706060337
2025-06-13,0.005974487409556394
2025-06-16,0.00817487499876725
2025-06-17,0.00969891717465574
2025-06-18,0.0060151236355175984
2025-06-20,0.003625860977353393
2025-06-23,0.004016992752843859
2025-06-24,0.007600672940007778
2025-06-25,0.006874756598570941
2025-06-26,0.006350581939717108
2025-06-27,0.004398938826363027
2025-06-30,0.006114889278610663
2025-07-01,0.003825231270551588
2025-07-02,0.003668056273854891
2025-07-03,0.004719136502009101
2025-07-07,0.006977206853631836
2025-07-08,0.005637963181768359
2025-07-09,0.004884438063788705
2025-07-10,0.003167462366724927
2025-07-11,0.0040297385409770155
2025-07-14,0.0024839457057384304
2025-07-15,0.002891180369925061
2025-07-16,0.0028530459339579217
2025-07-17,0.004170697903649327
2025-07-18,0.0028794796693812747
2025-07-21,0.0022826758494975522
2025-07-22,0.0007086586017161337
2025-07-23,0.0032723392029092996
2025-07-24,0.0030389468797675837
2025-07-25,0.004148654381438848
2025-07-28,0.0016137578363984023
2025-07-29,0.0023690412234713093
2025-07-30,0.0014636288690809494
2025-07-31,0.0026385687274502797
2025-08-01,0.007024421036779474
2025-08-04,0.011484204534376055
2025-08-05,0.011873551779071873
2025-08-06,0.008918263477204603
2025-08-07,0.004307674724047487
2025-08-08,0.005274258402689973
2025-08-11,0.003691507127367473
2025-08-12,0.007186094114541103
2025-08-13,0.005671233611257376
2025-08-14,0.004936492445923827
2025-08-15,0.0021430860402624785
2025-08-18,0.0011017176906616463
2025-08-19,0.0029591457621025354
2025-08-20,0.002803576000735951
2025-08-21,0.00410739315126682
2025-08-22,0.007173045147363849
2025-08-25,0.007786672436938182
2025-08-26,0.007824423770534168
2025-08-27,0.0035963722214691052
2025-08-28,0.0032217838682953707
2025-08-29,0.003986206079838348
2025-09-02,0.005505612635096548
2025-09-03,0.00615073427497317
2025-09-04,0.006781769835222611
2025-09-05,0.005523044012434106
2025-09-08,0.004528594709031422
2025-09-09,0.0026528280438913635
2025-09-10,0.0025891132367867028
2025-09-11,0.004704554294188369
2025-09-12,0.003970664577973332
2025-09-15,0.004542847743693862
2025-09-16,0.002155738661519751
2025-09-17,0.002318325746045117
2025-09-18,0.0023456957827612986
2025-09-19,0.00354061696973128
2025-09-22,0.004683854162983901
2025-09-23,0.004930408820735224
2025-09-24,0.0042561265695991125
2025-09-25,0.0044632259121871265
2025-09-26,0.0045856050190042205
2025-09-29,0.004512738377617479
2025-09-30,0.004199690001278007
2025-10-01,0.003369578348214672
2025-10-02,0.0026982738020385473
2025-10-03,0.0013592761498245314
2025-10-06,0.001441211187004239
2025-10-07,0.0025080525364164006
2025-10-08,0.004423131803112751
2025-10-09,0.004129603368951536
2025-10-10,0.012018699273301245
2025-10-13,0.015241204114217574
2025-10-14,0.01484326328643877
2025-10-15,0.007020577660024808
2025-10-16,0.003965916758504166
2025-10-17,0.005196357593122868
2025-10-20,0.007395626118604114
2025-10-21,0.0053017646656957846
2025-10-22,0.005333418257010569
2025-10-23,0.0037316701843911246
2025-10-24,0.00634455887066708
2025-10-27,0.008632327709424932
2025-10-28,0.007457277934951367
2025-10-29,0.004848016999353694
2025-10-30,0.004094367043738677
2025-10-31,0.00420409049128746
2025-11-03,0.004762642100776232
2025-11-04,0.005379995090161291
2025-11-05,0.0057241273549775195
2025-11-06,0.008898094194245712
2025-11-07,0.0053830261793011746
2025-11-10,0.009261935855239206
2025-11-11,0.006205957667795737
2025-11-12,0.005995381933361463
2025-11-13,0.006465990267138279
2025-11-14,0.005942207421545179
2025-11-17,0.008800600350739408
2025-11-18,0.005999019718029182
2025-11-19,0.0070806718127005295
2025-11-20,0.009242414509218345
2025-11-21,0.009737212216134244
2025-11-24,0.013604549301550022
2025-11-25,0.011381602628052196
2025-11-26,0.010417558130952331
2025-11-28,0.007081447604873721
2025-12-01,0.005853668532115113
2025-12-02,0.004377419118710758
2025-12-03,0.0035890434998596655
2025-12-04,0.002169773476332093
2025-12-05,0.0019966227059130467
2025-12-08,0.0021659409578430283
2025-12-09,0.002098275774173305
2025-12-10,0.003695646347386636
2025-12-11,0.0032269385830005696
2025-12-12,0.006508328694402686
2025-12-15,0.004798648093031579
2025-12-16,0.0049018387678953146
2025-12-17,0.005214819825010211
2025-12-18,0.007316524083552091
2025-12-19,0.009447405202941447
2025-12-22,0.007699409821117379
2025-12-23,0.006578448329608816
2025-12-24,0.0047240806556836145
2025-12-26,0.002686927107705023
2025-12-29,0.002339625733349652
2025-12-30,0.0017263957020255051
