date,vol
1/3/2017,12.85
1/4/2017,11.85
1/5/2017,11.67
1/6/2017,11.32
1/9/2017,11.56
1/10/2017,11.49
1/11/2017,11.26
1/12/2017,11.54
1/13/2017,11.23
1/17/2017,11.87
1/18/2017,12.48
1/19/2017,12.78
1/20/2017,11.54
1/23/2017,11.77
1/24/2017,11.07
1/25/2017,10.81
1/26/2017,10.63
1/27/2017,10.58
1/30/2017,11.88
1/31/2017,11.99
2/1/2017,11.81
2/2/2017,11.93
2/3/2017,10.97
2/6/2017,11.37
2/7/2017,11.29
2/8/2017,11.45
2/9/2017,10.88
2/10/2017,10.85
2/13/2017,11.07
2/14/2017,10.74
2/15/2017,11.97
2/16/2017,11.76
2/17/2017,11.49
2/21/2017,11.57
2/22/2017,11.74
2/23/2017,11.71
2/24/2017,11.47
2/27/2017,12.09
2/28/2017,12.92
3/1/2017,12.54
3/2/2017,11.81
3/3/2017,10.96
3/6/2017,11.24
3/7/2017,11.45
3/8/2017,11.86
3/9/2017,12.3
3/10/2017,11.66
3/13/2017,11.35
3/14/2017,12.3
3/15/2017,11.63
3/16/2017,11.21
3/17/2017,11.28
3/20/2017,11.34
3/21/2017,12.47
3/22/2017,12.81
3/23/2017,13.12
3/24/2017,12.96
3/27/2017,12.5
3/28/2017,11.53
3/29/2017,11.42
3/30/2017,11.54
3/31/2017,12.37
4/3/2017,12.38
4/4/2017,11.79
4/5/2017,12.89
4/6/2017,12.39
4/7/2017,12.87
4/10/2017,14.05
4/11/2017,15.07
4/12/2017,15.77
4/13/2017,15.96
4/17/2017,14.66
4/18/2017,14.42
4/19/2017,14.93
4/20/2017,14.15
4/21/2017,14.63
4/24/2017,10.84
4/25/2017,10.76
4/26/2017,10.85
4/27/2017,10.36
4/28/2017,10.82
5/1/2017,10.11
5/2/2017,10.59
5/3/2017,10.68
5/4/2017,10.46
5/5/2017,10.57
5/8/2017,9.77
5/9/2017,9.96
5/10/2017,10.21
5/11/2017,10.6
5/12/2017,10.4
5/15/2017,10.42
5/16/2017,10.65
5/17/2017,15.59
5/18/2017,14.66
5/19/2017,12.04
5/22/2017,10.93
5/23/2017,10.72
5/24/2017,10.02
5/25/2017,9.99
5/26/2017,9.81
5/30/2017,10.38
5/31/2017,10.41
6/1/2017,9.89
6/2/2017,9.75
6/5/2017,10.07
6/6/2017,10.45
6/7/2017,10.39
6/8/2017,10.16
6/9/2017,10.7
6/12/2017,11.46
6/13/2017,10.42
6/14/2017,10.64
6/15/2017,10.9
6/16/2017,10.38
6/19/2017,10.37
6/20/2017,10.86
6/21/2017,10.75
6/22/2017,10.48
6/23/2017,10.02
6/26/2017,9.9
6/27/2017,11.06
6/28/2017,10.03
6/29/2017,11.44
6/30/2017,11.18
7/3/2017,11.22
7/5/2017,11.07
7/6/2017,12.54
7/7/2017,11.19
7/10/2017,11.11
7/11/2017,10.89
7/12/2017,10.3
7/13/2017,9.9
7/14/2017,9.51
7/17/2017,9.82
7/18/2017,9.89
7/19/2017,9.79
7/20/2017,9.58
7/21/2017,9.36
7/24/2017,9.43
7/25/2017,9.43
7/26/2017,9.6
7/27/2017,10.11
7/28/2017,10.29
7/31/2017,10.26
8/1/2017,10.09
8/2/2017,10.28
8/3/2017,10.44
8/4/2017,10.03
8/7/2017,9.93
8/8/2017,10.96
8/9/2017,11.11
8/10/2017,16.04
8/11/2017,15.51
8/14/2017,12.33
8/15/2017,12.04
8/16/2017,11.74
8/17/2017,15.55
8/18/2017,14.26
8/21/2017,13.19
8/22/2017,11.35
8/23/2017,12.25
8/24/2017,12.23
8/25/2017,11.28
8/28/2017,11.32
8/29/2017,11.7
8/30/2017,11.22
8/31/2017,10.59
9/1/2017,10.13
9/5/2017,12.23
9/6/2017,11.63
9/7/2017,11.55
9/8/2017,12.12
9/11/2017,10.73
9/12/2017,10.58
9/13/2017,10.5
9/14/2017,10.44
9/15/2017,10.17
9/18/2017,10.15
9/19/2017,10.18
9/20/2017,9.78
9/21/2017,9.67
9/22/2017,9.59
9/25/2017,10.21
9/26/2017,10.17
9/27/2017,9.87
9/28/2017,9.55
9/29/2017,9.51
10/2/2017,9.45
10/3/2017,9.51
10/4/2017,9.63
10/5/2017,9.19
10/6/2017,9.65
10/9/2017,10.33
10/10/2017,10.08
10/11/2017,9.85
10/12/2017,9.91
10/13/2017,9.61
10/16/2017,9.91
10/17/2017,10.31
10/18/2017,10.07
10/19/2017,10.05
10/20/2017,9.97
10/23/2017,11.07
10/24/2017,11.16
10/25/2017,11.23
10/26/2017,11.3
10/27/2017,9.8
10/30/2017,10.5
10/31/2017,10.18
11/1/2017,10.2
11/2/2017,9.93
11/3/2017,9.14
11/6/2017,9.4
11/7/2017,9.89
11/8/2017,9.78
11/9/2017,10.5
11/10/2017,11.29
11/13/2017,11.5
11/14/2017,11.59
11/15/2017,13.13
11/16/2017,11.76
11/17/2017,11.43
11/20/2017,10.65
11/21/2017,9.73
11/22/2017,9.88
11/24/2017,9.67
11/27/2017,9.87
11/28/2017,10.03
11/29/2017,10.7
11/30/2017,11.28
12/1/2017,11.43
12/4/2017,11.68
12/5/2017,11.33
12/6/2017,11.02
12/7/2017,10.16
12/8/2017,9.58
12/11/2017,9.34
12/12/2017,9.92
12/13/2017,10.18
12/14/2017,10.49
12/15/2017,9.42
12/18/2017,9.53
12/19/2017,10.03
12/20/2017,9.72
12/21/2017,9.62
12/22/2017,9.9
12/26/2017,10.25
12/27/2017,10.47
12/28/2017,10.18
12/29/2017,11.04
1/2/2018,9.77
1/3/2018,9.15
1/4/2018,9.22
1/5/2018,9.22
1/8/2018,9.52
1/9/2018,10.08
1/10/2018,9.82
1/11/2018,9.88
1/12/2018,10.16
1/16/2018,11.66
1/17/2018,11.91
1/18/2018,12.22
1/19/2018,11.27
1/22/2018,11.05
1/23/2018,11.1
1/24/2018,11.46
1/25/2018,11.58
1/26/2018,11.1
1/29/2018,13.84
1/30/2018,14.8
1/31/2018,13.58
2/1/2018,13.48
2/2/2018,17.16
2/5/2018,37.32
2/6/2018,29.98
2/7/2018,27.73
2/8/2018,33.46
2/9/2018,29.06
2/12/2018,25.61
2/13/2018,24.97
2/14/2018,19.26
2/15/2018,19.13
2/16/2018,19.46
2/20/2018,20.6
2/21/2018,20.02
2/22/2018,18.72
2/23/2018,16.49
2/26/2018,15.8
2/27/2018,18.59
2/28/2018,19.85
3/1/2018,22.47
3/2/2018,19.59
3/5/2018,18.73
3/6/2018,18.36
3/7/2018,17.76
3/8/2018,16.54
3/9/2018,14.64
3/12/2018,15.78
3/13/2018,16.35
3/14/2018,17.23
3/15/2018,16.59
3/16/2018,15.8
3/19/2018,19.02
3/20/2018,18.2
3/21/2018,17.86
3/22/2018,23.34
3/23/2018,24.87
3/26/2018,21.03
3/27/2018,22.5
3/28/2018,22.87
3/29/2018,19.97
4/2/2018,23.62
4/3/2018,21.1
4/4/2018,20.06
4/5/2018,18.94
4/6/2018,21.49
4/9/2018,21.77
4/10/2018,20.47
4/11/2018,20.24
4/12/2018,18.49
4/13/2018,17.41
4/16/2018,16.56
4/17/2018,15.25
4/18/2018,15.6
4/19/2018,15.96
4/20/2018,16.88
4/23/2018,16.34
4/24/2018,18.02
4/25/2018,17.84
4/26/2018,16.24
4/27/2018,15.41
4/30/2018,15.93
5/1/2018,15.49
5/2/2018,15.97
5/3/2018,15.9
5/4/2018,14.77
5/7/2018,14.75
5/8/2018,14.71
5/9/2018,13.42
5/10/2018,13.23
5/11/2018,12.65
5/14/2018,12.93
5/15/2018,14.63
5/16/2018,13.42
5/17/2018,13.43
5/18/2018,13.42
5/21/2018,13.08
5/22/2018,13.22
5/23/2018,12.58
5/24/2018,12.53
5/25/2018,13.22
5/29/2018,17.02
5/30/2018,14.94
5/31/2018,15.43
6/1/2018,13.46
6/4/2018,12.74
6/5/2018,12.4
6/6/2018,11.64
6/7/2018,12.13
6/8/2018,12.18
6/11/2018,12.35
6/12/2018,12.34
6/13/2018,12.94
6/14/2018,12.12
6/15/2018,11.98
6/18/2018,12.31
6/19/2018,13.35
6/20/2018,12.79
6/21/2018,14.64
6/22/2018,13.77
6/25/2018,17.33
6/26/2018,15.92
6/27/2018,17.91
6/28/2018,16.85
6/29/2018,16.09
7/2/2018,15.6
7/3/2018,16.14
7/5/2018,14.97
7/6/2018,13.37
7/9/2018,12.69
7/10/2018,12.64
7/11/2018,13.63
7/12/2018,12.58
7/13/2018,12.18
7/16/2018,12.83
7/17/2018,12.06
7/18/2018,12.1
7/19/2018,12.87
7/20/2018,12.86
7/23/2018,12.62
7/24/2018,12.41
7/25/2018,12.29
7/26/2018,12.14
7/27/2018,13.03
7/30/2018,14.26
7/31/2018,12.83
8/1/2018,13.15
8/2/2018,12.19
8/3/2018,11.64
8/6/2018,11.27
8/7/2018,10.93
8/8/2018,10.85
8/9/2018,11.27
8/10/2018,13.16
8/13/2018,14.78
8/14/2018,13.31
8/15/2018,14.64
8/16/2018,13.45
8/17/2018,12.64
8/20/2018,12.49
8/21/2018,12.86
8/22/2018,12.25
8/23/2018,12.41
8/24/2018,11.99
8/27/2018,12.16
8/28/2018,12.5
8/29/2018,12.25
8/30/2018,13.53
8/31/2018,12.86
9/4/2018,13.16
9/5/2018,13.91
9/6/2018,14.65
9/7/2018,14.88
9/10/2018,14.16
9/11/2018,13.22
9/12/2018,13.14
9/13/2018,12.37
9/14/2018,12.07
9/17/2018,13.68
9/18/2018,12.79
9/19/2018,11.75
9/20/2018,11.8
9/21/2018,11.68
9/24/2018,12.2
9/25/2018,12.42
9/26/2018,12.89
9/27/2018,12.41
9/28/2018,12.12
10/1/2018,12
10/2/2018,12.05
10/3/2018,11.61
10/4/2018,14.22
10/5/2018,14.82
10/8/2018,15.69
10/9/2018,15.95
10/10/2018,22.96
10/11/2018,24.98
10/12/2018,21.31
10/15/2018,21.3
10/16/2018,17.62
10/17/2018,17.4
10/18/2018,20.06
10/19/2018,19.89
10/22/2018,19.64
10/23/2018,20.71
10/24/2018,25.23
10/25/2018,24.22
10/26/2018,24.16
10/29/2018,24.7
10/30/2018,23.35
10/31/2018,21.23
11/1/2018,19.34
11/2/2018,19.51
11/5/2018,19.96
11/6/2018,19.91
11/7/2018,16.36
11/8/2018,16.72
11/9/2018,17.36
11/12/2018,20.45
11/13/2018,20.02
11/14/2018,21.25
11/15/2018,19.98
11/16/2018,18.14
11/19/2018,20.1
11/20/2018,22.48
11/21/2018,20.8
11/23/2018,21.52
11/26/2018,18.9
11/27/2018,19.02
11/28/2018,18.49
11/29/2018,18.79
11/30/2018,18.07
12/3/2018,16.44
12/4/2018,20.74
12/6/2018,21.19
12/7/2018,23.23
12/10/2018,22.64
12/11/2018,21.76
12/12/2018,21.46
12/13/2018,20.65
12/14/2018,21.63
12/17/2018,24.52
12/18/2018,25.58
12/19/2018,25.58
12/20/2018,28.38
12/21/2018,30.11
12/24/2018,36.07
12/26/2018,30.41
12/27/2018,29.96
12/28/2018,28.34
12/31/2018,25.42
1/2/2019,23.22
1/3/2019,25.45
1/4/2019,21.38
1/7/2019,21.4
1/8/2019,20.47
1/9/2019,19.98
1/10/2019,19.5
1/11/2019,18.19
1/14/2019,19.07
1/15/2019,18.6
1/16/2019,19.04
1/17/2019,18.06
1/18/2019,17.8
1/22/2019,20.8
1/23/2019,19.52
1/24/2019,18.89
1/25/2019,17.42
1/28/2019,18.87
1/29/2019,19.13
1/30/2019,17.66
1/31/2019,16.57
2/1/2019,16.14
2/4/2019,15.73
2/5/2019,15.57
2/6/2019,15.38
2/7/2019,16.37
2/8/2019,15.72
2/11/2019,15.97
2/12/2019,15.43
2/13/2019,15.65
2/14/2019,16.22
2/15/2019,14.91
2/19/2019,14.88
2/20/2019,14.02
2/21/2019,14.46
2/22/2019,13.51
2/25/2019,14.85
2/26/2019,15.17
2/27/2019,14.7
2/28/2019,14.78
3/1/2019,13.57
3/4/2019,14.63
3/5/2019,14.74
3/6/2019,15.74
3/7/2019,16.59
3/8/2019,16.05
3/11/2019,14.33
3/12/2019,13.77
3/13/2019,13.41
3/14/2019,13.5
3/15/2019,12.88
3/18/2019,13.1
3/19/2019,13.56
3/20/2019,13.91
3/21/2019,13.63
3/22/2019,16.48
3/25/2019,16.33
3/26/2019,14.68
3/27/2019,15.15
3/28/2019,14.43
3/29/2019,13.71
4/1/2019,13.4
4/2/2019,13.36
4/3/2019,13.74
4/4/2019,13.58
4/5/2019,12.82
4/8/2019,13.18
4/9/2019,14.28
4/10/2019,13.3
4/11/2019,13.02
4/12/2019,12.01
4/15/2019,12.32
4/16/2019,12.18
4/17/2019,12.6
4/18/2019,12.09
4/22/2019,12.42
4/23/2019,12.28
4/24/2019,13.14
4/25/2019,13.25
4/26/2019,12.73
4/29/2019,13.11
4/30/2019,13.12
5/1/2019,14.8
5/2/2019,14.42
5/3/2019,12.87
5/6/2019,15.44
5/7/2019,19.32
5/8/2019,19.4
5/9/2019,19.1
5/10/2019,16.04
5/13/2019,20.55
5/14/2019,18.06
5/15/2019,16.44
5/16/2019,15.29
5/17/2019,15.96
5/20/2019,16.31
5/21/2019,14.95
5/22/2019,14.75
5/23/2019,16.92
5/24/2019,15.85
5/28/2019,17.5
5/29/2019,17.9
5/30/2019,17.3
5/31/2019,18.71
6/3/2019,18.86
6/4/2019,16.97
6/5/2019,16.09
6/6/2019,15.93
6/7/2019,16.3
6/10/2019,15.94
6/11/2019,15.99
6/12/2019,15.91
6/13/2019,15.82
6/14/2019,15.28
6/17/2019,15.35
6/18/2019,15.15
6/19/2019,14.33
6/20/2019,14.75
6/21/2019,15.4
6/24/2019,15.26
6/25/2019,16.28
6/26/2019,16.21
6/27/2019,15.82
6/28/2019,15.08
7/1/2019,14.06
7/2/2019,12.93
7/3/2019,12.57
7/5/2019,13.28
7/8/2019,13.96
7/9/2019,14.09
7/10/2019,13.03
7/11/2019,12.93
7/12/2019,12.39
7/15/2019,12.68
7/16/2019,12.86
7/17/2019,13.97
7/18/2019,13.53
7/19/2019,14.45
7/22/2019,13.53
7/23/2019,12.61
7/24/2019,12.07
7/25/2019,12.74
7/26/2019,12.16
7/29/2019,12.83
7/30/2019,13.94
7/31/2019,16.12
8/1/2019,17.87
8/2/2019,17.61
8/5/2019,24.59
8/6/2019,20.17
8/7/2019,19.49
8/8/2019,16.91
8/9/2019,17.97
8/12/2019,21.09
8/13/2019,17.52
8/14/2019,22.1
8/15/2019,21.18
8/16/2019,18.47
8/19/2019,16.88
8/20/2019,17.5
8/21/2019,15.8
8/22/2019,16.68
8/23/2019,19.87
8/26/2019,19.32
8/27/2019,20.31
8/28/2019,19.35
8/29/2019,17.88
8/30/2019,18.98
9/3/2019,19.66
9/4/2019,17.33
9/5/2019,16.27
9/6/2019,15
9/9/2019,15.27
9/10/2019,15.2
9/11/2019,14.61
9/12/2019,14.22
9/13/2019,13.74
9/16/2019,14.67
9/17/2019,14.44
9/18/2019,13.95
9/19/2019,14.05
9/20/2019,15.32
9/23/2019,14.91
9/24/2019,17.05
9/25/2019,15.96
9/26/2019,16.07
9/27/2019,17.22
9/30/2019,16.24
10/1/2019,18.56
10/2/2019,20.56
10/3/2019,19.12
10/4/2019,17.04
10/7/2019,17.86
10/8/2019,20.28
10/9/2019,18.64
10/10/2019,17.57
10/11/2019,15.58
10/14/2019,14.57
10/15/2019,13.54
10/16/2019,13.68
10/17/2019,13.79
10/18/2019,14.25
10/21/2019,14
10/22/2019,14.46
10/23/2019,14.01
10/24/2019,13.71
10/25/2019,12.65
10/28/2019,13.11
10/29/2019,13.2
10/30/2019,12.33
10/31/2019,13.22
11/1/2019,12.3
11/4/2019,12.83
11/5/2019,13.1
11/6/2019,12.62
11/7/2019,12.73
11/8/2019,12.07
11/11/2019,12.69
11/12/2019,12.68
11/13/2019,13
11/14/2019,13.05
11/15/2019,12.05
11/18/2019,12.46
11/19/2019,12.86
11/20/2019,12.78
11/21/2019,13.13
11/22/2019,12.34
11/25/2019,11.87
11/26/2019,11.54
11/27/2019,11.75
11/29/2019,12.62
12/2/2019,14.91
12/3/2019,15.96
12/4/2019,14.8
12/5/2019,14.52
12/6/2019,13.62
12/9/2019,15.86
12/10/2019,15.68
12/11/2019,14.99
12/12/2019,13.94
12/13/2019,12.63
12/16/2019,12.14
12/17/2019,12.29
12/18/2019,12.58
12/19/2019,12.5
12/20/2019,12.51
12/23/2019,12.61
12/24/2019,12.67
12/26/2019,12.65
12/27/2019,13.43
12/30/2019,14.82
12/31/2019,13.78
1/2/2020,12.47
1/3/2020,14.02
1/6/2020,13.85
1/7/2020,13.79
1/8/2020,13.45
1/9/2020,12.54
1/10/2020,12.56
1/13/2020,12.32
1/14/2020,12.39
1/15/2020,12.42
1/16/2020,12.32
1/17/2020,12.1
1/21/2020,12.85
1/22/2020,12.91
1/23/2020,12.98
1/24/2020,14.56
1/27/2020,18.23
1/28/2020,16.28
1/29/2020,16.39
1/30/2020,15.49
1/31/2020,18.84
2/3/2020,17.97
2/4/2020,16.05
2/5/2020,15.15
2/6/2020,14.96
2/7/2020,15.47
2/10/2020,15.04
2/11/2020,15.18
2/12/2020,13.74
2/13/2020,14.15
2/14/2020,13.68
2/18/2020,14.83
2/19/2020,14.38
2/20/2020,15.56
2/21/2020,17.08
2/24/2020,25.03
2/25/2020,27.85
2/26/2020,27.56
2/27/2020,39.16
2/28/2020,40.11
3/2/2020,33.42
3/3/2020,36.82
3/4/2020,31.99
3/5/2020,39.62
3/6/2020,41.94
3/9/2020,54.46
3/10/2020,47.3
3/11/2020,53.9
3/12/2020,75.47
3/13/2020,57.83
3/16/2020,82.69
3/17/2020,75.91
3/18/2020,76.45
3/19/2020,72
3/20/2020,66.04
3/23/2020,61.59
3/24/2020,61.67
3/25/2020,63.95
3/26/2020,61
3/27/2020,65.54
3/30/2020,57.08
3/31/2020,53.54
4/1/2020,57.06
4/2/2020,50.91
4/3/2020,46.8
4/6/2020,45.24
4/7/2020,46.7
4/8/2020,43.35
4/9/2020,41.67
4/13/2020,41.17
4/14/2020,37.76
4/15/2020,40.84
4/16/2020,40.11
4/17/2020,38.15
4/20/2020,43.83
4/21/2020,45.41
4/22/2020,41.98
4/23/2020,41.38
4/24/2020,35.93
4/27/2020,33.29
4/28/2020,33.57
4/29/2020,31.23
4/30/2020,34.15
5/1/2020,37.19
5/4/2020,35.97
5/5/2020,33.61
5/6/2020,34.12
5/7/2020,31.44
5/8/2020,27.98
5/11/2020,27.57
5/12/2020,33.04
5/13/2020,35.28
5/14/2020,32.61
5/15/2020,31.89
5/18/2020,29.3
5/19/2020,30.53
5/20/2020,27.99
5/21/2020,29.53
5/22/2020,28.16
5/26/2020,28.01
5/27/2020,27.62
5/28/2020,28.59
5/29/2020,27.51
6/1/2020,28.23
6/2/2020,26.84
6/3/2020,25.66
6/4/2020,25.81
6/5/2020,24.52
6/8/2020,25.81
6/9/2020,27.57
6/10/2020,27.57
6/11/2020,40.79
6/12/2020,36.09
6/15/2020,34.4
6/16/2020,33.67
6/17/2020,33.47
6/18/2020,32.94
6/19/2020,35.12
6/22/2020,31.77
6/23/2020,31.37
6/24/2020,33.84
6/25/2020,32.22
6/26/2020,34.73
6/29/2020,31.78
6/30/2020,30.43
7/1/2020,28.62
7/2/2020,27.68
7/6/2020,27.94
7/7/2020,29.43
7/8/2020,28.08
7/9/2020,29.26
7/10/2020,27.29
7/13/2020,32.19
7/14/2020,29.52
7/15/2020,27.76
7/16/2020,28
7/17/2020,25.68
7/20/2020,24.46
7/21/2020,24.84
7/22/2020,24.32
7/23/2020,26.08
7/24/2020,25.84
7/27/2020,24.74
7/28/2020,25.44
7/29/2020,24.1
7/30/2020,24.76
7/31/2020,24.46
8/3/2020,24.28
8/4/2020,23.76
8/5/2020,22.99
8/6/2020,22.65
8/7/2020,22.21
8/10/2020,22.13
8/11/2020,24.03
8/12/2020,22.28
8/13/2020,22.13
8/14/2020,22.05
8/17/2020,21.35
8/18/2020,21.51
8/19/2020,22.54
8/20/2020,22.72
8/21/2020,22.54
8/24/2020,22.37
8/25/2020,22.03
8/26/2020,23.27
8/27/2020,24.47
8/28/2020,22.96
8/31/2020,26.41
9/1/2020,26.12
9/2/2020,26.57
9/3/2020,33.6
9/4/2020,30.75
9/8/2020,31.46
9/9/2020,28.81
9/10/2020,29.71
9/11/2020,26.87
9/14/2020,25.85
9/15/2020,25.59
9/16/2020,26.04
9/17/2020,26.46
9/18/2020,25.83
9/21/2020,27.78
9/22/2020,26.86
9/23/2020,28.58
9/24/2020,28.51
9/25/2020,26.38
9/28/2020,26.19
9/29/2020,26.27
9/30/2020,26.37
10/1/2020,26.7
10/2/2020,27.63
10/5/2020,27.96
10/6/2020,29.48
10/7/2020,28.06
10/8/2020,26.36
10/9/2020,25
10/12/2020,25.07
10/13/2020,26.07
10/14/2020,26.4
10/15/2020,26.97
10/16/2020,27.41
10/19/2020,29.18
10/20/2020,29.35
10/21/2020,28.65
10/22/2020,28.11
10/23/2020,27.55
10/26/2020,32.46
10/27/2020,33.35
10/28/2020,40.28
10/29/2020,37.59
10/30/2020,38.02
11/2/2020,37.13
11/3/2020,35.55
11/4/2020,29.57
11/5/2020,27.58
11/6/2020,24.86
11/9/2020,25.75
11/10/2020,24.8
11/11/2020,23.45
11/12/2020,25.35
11/13/2020,23.1
11/16/2020,22.45
11/17/2020,22.71
11/18/2020,23.84
11/19/2020,23.11
11/20/2020,23.7
11/23/2020,22.66
11/24/2020,21.64
11/25/2020,21.25
11/27/2020,20.84
11/30/2020,20.57
12/1/2020,20.77
12/2/2020,21.17
12/3/2020,21.28
12/4/2020,20.79
12/7/2020,21.3
12/8/2020,20.68
12/9/2020,22.27
12/10/2020,22.52
12/11/2020,23.31
12/14/2020,24.72
12/15/2020,22.89
12/16/2020,22.5
12/17/2020,21.93
12/18/2020,21.57
12/21/2020,25.16
12/22/2020,24.23
12/23/2020,23.31
12/24/2020,21.53
12/28/2020,21.7
12/29/2020,23.08
12/30/2020,22.77
12/31/2020,22.75
1/4/2021,26.97
1/5/2021,25.34
1/6/2021,25.07
1/7/2021,22.37
1/8/2021,21.56
1/11/2021,24.08
1/12/2021,23.33
1/13/2021,22.21
1/14/2021,23.25
1/15/2021,24.34
1/19/2021,23.24
1/20/2021,21.58
1/21/2021,21.32
1/22/2021,21.91
1/25/2021,23.19
1/26/2021,23.02
1/27/2021,37.21
1/28/2021,30.21
1/29/2021,33.09
2/1/2021,30.24
2/2/2021,25.56
2/3/2021,22.91
2/4/2021,21.77
2/5/2021,20.87
2/8/2021,21.24
2/9/2021,21.63
2/10/2021,21.99
2/11/2021,21.25
2/12/2021,19.97
2/16/2021,21.46
2/17/2021,21.5
2/18/2021,22.49
2/19/2021,22.05
2/22/2021,23.45
2/23/2021,23.11
2/24/2021,21.34
2/25/2021,28.89
2/26/2021,27.95
3/1/2021,23.35
3/2/2021,24.1
3/3/2021,26.67
3/4/2021,28.57
3/5/2021,24.66
3/8/2021,25.47
3/9/2021,24.03
3/10/2021,22.56
3/11/2021,21.91
3/12/2021,20.69
3/15/2021,20.03
3/16/2021,19.79
3/17/2021,19.23
3/18/2021,21.58
3/19/2021,20.95
3/22/2021,18.88
3/23/2021,20.3
3/24/2021,21.2
3/25/2021,19.81
3/26/2021,18.86
3/29/2021,20.74
3/30/2021,19.61
3/31/2021,19.4
4/1/2021,17.33
4/5/2021,17.91
4/6/2021,18.12
4/7/2021,17.16
4/8/2021,16.95
4/9/2021,16.69
4/12/2021,16.91
4/13/2021,16.65
4/14/2021,16.99
4/15/2021,16.57
4/16/2021,16.25
4/19/2021,17.29
4/20/2021,18.68
4/21/2021,17.5
4/22/2021,18.71
4/23/2021,17.33
4/26/2021,17.64
4/27/2021,17.56
4/28/2021,17.28
4/29/2021,17.61
4/30/2021,18.61
5/3/2021,18.31
5/4/2021,19.48
5/5/2021,19.15
5/6/2021,18.39
5/7/2021,16.69
5/10/2021,19.66
5/11/2021,21.84
5/12/2021,27.59
5/13/2021,23.13
5/14/2021,18.81
5/17/2021,19.72
5/18/2021,21.34
5/19/2021,22.18
5/20/2021,20.67
5/21/2021,20.05
5/24/2021,18.5
5/25/2021,18.74
5/26/2021,17.37
5/27/2021,16.75
5/28/2021,16.77
6/1/2021,17.89
6/2/2021,17.49
6/3/2021,18.03
6/4/2021,16.43
6/7/2021,16.43
6/8/2021,17.06
6/9/2021,17.9
6/10/2021,16.11
6/11/2021,15.66
6/14/2021,16.4
6/15/2021,17.01
6/16/2021,18.14
6/17/2021,17.74
6/18/2021,20.71
6/21/2021,17.88
6/22/2021,16.67
6/23/2021,16.31
6/24/2021,15.96
6/25/2021,15.61
6/28/2021,15.75
6/29/2021,16.03
6/30/2021,15.84
7/1/2021,15.47
7/2/2021,15.08
7/6/2021,16.45
7/7/2021,16.21
7/8/2021,19.01
7/9/2021,16.17
7/12/2021,16.16
7/13/2021,17.11
7/14/2021,16.32
7/15/2021,17
7/16/2021,18.44
7/19/2021,22.49
7/20/2021,19.72
7/21/2021,17.9
7/22/2021,17.68
7/23/2021,17.19
7/26/2021,17.59
7/27/2021,19.35
7/28/2021,18.3
7/29/2021,17.71
7/30/2021,18.23
8/2/2021,19.47
8/3/2021,18.03
8/4/2021,17.98
8/5/2021,17.29
8/6/2021,16.16
8/9/2021,16.73
8/10/2021,16.8
8/11/2021,16.07
8/12/2021,15.58
8/13/2021,15.46
8/16/2021,16.11
8/17/2021,17.92
8/18/2021,21.56
8/19/2021,21.66
8/20/2021,18.55
8/23/2021,17.16
8/24/2021,17.21
8/25/2021,16.78
8/26/2021,18.85
8/27/2021,16.4
8/30/2021,16.2
8/31/2021,16.49
9/1/2021,16.1
9/2/2021,16.4
9/3/2021,16.41
9/7/2021,18.15
9/8/2021,17.97
9/9/2021,18.81
9/10/2021,20.94
9/13/2021,19.36
9/14/2021,19.45
9/15/2021,18.19
9/16/2021,18.7
9/17/2021,20.8
9/20/2021,25.72
9/21/2021,24.35
9/22/2021,20.88
9/23/2021,18.64
9/24/2021,17.74
9/27/2021,18.77
9/28/2021,23.24
9/29/2021,22.55
9/30/2021,23.13
10/1/2021,21.14
10/4/2021,22.95
10/5/2021,21.31
10/6/2021,21.01
10/7/2021,19.53
10/8/2021,18.76
10/11/2021,19.99
10/12/2021,19.84
10/13/2021,18.63
10/14/2021,16.85
10/15/2021,16.29
10/18/2021,16.32
10/19/2021,15.71
10/20/2021,15.5
10/21/2021,15
10/22/2021,15.44
10/25/2021,15.25
10/26/2021,15.97
10/27/2021,16.99
10/28/2021,16.52
10/29/2021,16.27
11/1/2021,16.42
11/2/2021,16.04
11/3/2021,15.09
11/4/2021,15.43
11/5/2021,16.47
11/8/2021,17.21
11/9/2021,17.77
11/10/2021,18.72
11/11/2021,17.67
11/12/2021,16.28
11/15/2021,16.49
11/16/2021,16.36
11/17/2021,17.1
11/18/2021,17.58
11/19/2021,17.9
11/22/2021,19.16
11/23/2021,19.37
11/24/2021,18.57
11/26/2021,28.61
11/29/2021,22.97
11/30/2021,27.2
12/1/2021,31.13
12/2/2021,27.94
12/3/2021,30.66
12/6/2021,27.19
12/7/2021,21.9
12/8/2021,19.89
12/9/2021,21.57
12/10/2021,18.69
12/13/2021,20.3
12/14/2021,21.88
12/15/2021,19.32
12/16/2021,20.56
12/17/2021,21.58
12/20/2021,22.86
12/21/2021,21.02
12/22/2021,18.62
12/23/2021,17.95
12/27/2021,17.69
12/28/2021,17.53
12/29/2021,16.94
12/30/2021,17.32
12/31/2021,17.21
1/3/2022,16.61
1/4/2022,16.91
1/5/2022,19.72
1/6/2022,19.62
1/7/2022,18.75
1/10/2022,19.41
1/11/2022,18.4
1/12/2022,17.61
1/13/2022,20.3
1/14/2022,19.18
1/18/2022,22.78
1/19/2022,23.84
1/20/2022,25.58
1/21/2022,28.84
1/24/2022,29.89
1/25/2022,31.17
1/26/2022,31.95
1/27/2022,30.48
1/28/2022,27.65
1/31/2022,24.82
2/1/2022,21.96
2/2/2022,22.08
2/3/2022,24.34
2/4/2022,23.2
2/7/2022,22.85
2/8/2022,21.43
2/9/2022,19.97
2/10/2022,23.9
2/11/2022,27.35
2/14/2022,28.33
2/15/2022,25.69
2/16/2022,24.28
2/17/2022,28.1
2/18/2022,27.74
2/22/2022,28.8
2/23/2022,31.01
2/24/2022,30.31
2/25/2022,27.57
2/28/2022,30.14
3/1/2022,33.32
3/2/2022,30.73
3/3/2022,30.49
3/4/2022,31.97
3/7/2022,36.44
3/8/2022,35.12
3/9/2022,32.44
3/10/2022,30.23
3/11/2022,30.74
3/14/2022,31.76
3/15/2022,29.84
3/16/2022,26.64
3/17/2022,25.66
3/18/2022,23.86
3/21/2022,23.52
3/22/2022,22.95
3/23/2022,23.56
3/24/2022,21.68
3/25/2022,20.8
3/28/2022,19.62
3/29/2022,18.91
3/30/2022,19.34
3/31/2022,20.57
4/1/2022,19.62
4/4/2022,18.58
4/5/2022,21.04
4/6/2022,22.09
4/7/2022,21.56
4/8/2022,21.17
4/11/2022,24.36
4/12/2022,24.27
4/13/2022,21.81
4/14/2022,22.7
4/18/2022,22.16
4/19/2022,21.38
4/20/2022,20.31
4/21/2022,22.67
4/22/2022,28.2
4/25/2022,27.01
4/26/2022,33.51
4/27/2022,31.59
4/28/2022,29.98
4/29/2022,33.39
5/2/2022,32.33
5/3/2022,29.24
5/4/2022,25.41
5/5/2022,31.19
5/6/2022,30.2
5/9/2022,34.73
5/10/2022,32.98
5/11/2022,32.55
5/12/2022,31.76
5/13/2022,28.86
5/16/2022,27.46
5/17/2022,26.11
5/18/2022,30.95
5/19/2022,29.36
5/20/2022,29.42
5/23/2022,28.47
5/24/2022,29.44
5/25/2022,28.38
5/26/2022,27.49
5/27/2022,25.71
5/30/2022,26.53
5/31/2022,26.18
6/1/2022,25.68
6/2/2022,24.71
6/3/2022,24.8
6/6/2022,25.06
6/7/2022,24.03
6/8/2022,23.95
6/9/2022,26.08
6/10/2022,27.74
6/13/2022,34.03
6/14/2022,32.67
6/15/2022,29.61
6/16/2022,32.94
6/17/2022,31.12
6/21/2022,30.2
6/22/2022,28.94
6/23/2022,29.04
6/24/2022,27.26
6/27/2022,26.96
6/28/2022,28.35
6/29/2022,28.15
6/30/2022,28.7
7/1/2022,26.71
7/5/2022,27.53
7/6/2022,26.72
7/7/2022,26.07
7/8/2022,24.65
7/11/2022,26.16
7/12/2022,27.28
7/13/2022,26.81
7/14/2022,26.41
7/15/2022,24.22
7/18/2022,25.32
7/19/2022,24.49
7/20/2022,23.87
7/21/2022,23.1
7/22/2022,23.04
7/25/2022,23.35
7/26/2022,24.68
7/27/2022,23.23
7/28/2022,22.32
7/29/2022,21.32
8/1/2022,22.85
8/2/2022,23.94
8/3/2022,21.94
8/4/2022,21.44
8/5/2022,21.14
8/8/2022,21.28
8/9/2022,21.76
8/10/2022,19.73
8/11/2022,20.19
8/12/2022,19.52
8/15/2022,19.94
8/16/2022,19.68
8/17/2022,19.91
8/18/2022,19.57
8/19/2022,20.59
8/22/2022,23.81
8/23/2022,24.1
8/24/2022,22.83
8/25/2022,21.79
8/26/2022,25.55
8/29/2022,26.2
8/30/2022,26.2
8/31/2022,25.86
9/1/2022,25.55
9/2/2022,25.46
9/6/2022,26.9
9/7/2022,24.63
9/8/2022,23.6
9/9/2022,22.78
9/12/2022,23.86
9/13/2022,27.28
9/14/2022,26.16
9/15/2022,26.25
9/16/2022,26.31
9/19/2022,25.75
9/20/2022,27.15
9/21/2022,27.98
9/22/2022,27.34
9/23/2022,29.91
9/26/2022,32.25
9/27/2022,32.59
9/28/2022,30.19
9/29/2022,31.83
9/30/2022,31.61
10/3/2022,30.09
10/4/2022,29.06
10/5/2022,28.56
10/6/2022,30.53
10/7/2022,31.35
10/10/2022,32.46
10/11/2022,33.62
10/12/2022,33.58
10/13/2022,31.93
10/14/2022,32.01
10/17/2022,31.36
10/18/2022,30.51
10/19/2022,30.76
10/20/2022,29.97
10/21/2022,29.68
10/24/2022,29.84
10/25/2022,28.47
10/26/2022,27.27
10/27/2022,27.4
10/28/2022,25.75
10/31/2022,25.89
11/1/2022,25.82
11/2/2022,25.85
11/3/2022,25.29
11/4/2022,24.56
11/7/2022,24.34
11/8/2022,25.53
11/9/2022,26.08
11/10/2022,23.52
11/11/2022,22.53
11/14/2022,23.72
11/15/2022,24.53
11/16/2022,24.1
11/17/2022,23.94
11/18/2022,23.11
11/21/2022,22.37
11/22/2022,21.3
11/23/2022,20.34
11/25/2022,20.51
11/28/2022,22.21
11/29/2022,21.9
11/30/2022,20.57
12/1/2022,19.83
12/2/2022,19.07
12/5/2022,20.76
12/6/2022,22.16
12/7/2022,22.67
12/8/2022,22.28
12/9/2022,22.82
12/12/2022,25.01
12/13/2022,22.54
12/14/2022,21.13
12/15/2022,22.84
12/16/2022,22.63
12/19/2022,22.41
12/20/2022,21.47
12/21/2022,20.06
12/22/2022,21.98
12/23/2022,20.86
12/27/2022,21.64
12/28/2022,22.13
12/29/2022,21.43
12/30/2022,21.66
1/3/2023,22.89
1/4/2023,22
1/5/2023,22.45
1/6/2023,21.14
1/9/2023,21.96
1/10/2023,20.58
1/11/2023,21.08
1/12/2023,18.83
1/13/2023,18.34
1/16/2023,19.5
1/17/2023,19.35
1/18/2023,20.33
1/19/2023,20.53
1/20/2023,19.86
1/23/2023,19.8
1/24/2023,19.19
1/25/2023,19.09
1/26/2023,18.72
1/27/2023,18.5
1/30/2023,19.93
1/31/2023,19.41
2/1/2023,17.86
2/2/2023,18.72
2/3/2023,18.32
2/6/2023,19.42
2/7/2023,18.65
2/8/2023,19.64
2/9/2023,20.72
2/10/2023,20.54
2/13/2023,20.33
2/14/2023,18.92
2/15/2023,18.22
2/16/2023,20.16
2/17/2023,20.01
2/20/2023,21.24
2/21/2023,22.88
2/22/2023,22.28
2/23/2023,21.15
2/24/2023,21.68
2/27/2023,20.96
2/28/2023,20.71
3/1/2023,20.59
3/2/2023,19.6
3/3/2023,18.48
3/6/2023,18.62
3/7/2023,19.6
3/8/2023,19.1
3/9/2023,22.6
3/10/2023,24.79
3/13/2023,26.51
3/14/2023,23.74
3/15/2023,26.13
3/16/2023,22.98
3/17/2023,25.5
3/20/2023,24.16
3/21/2023,21.39
3/22/2023,22.25
3/23/2023,22.62
3/24/2023,21.73
3/27/2023,20.61
3/28/2023,19.96
3/29/2023,19.11
3/30/2023,19.01
3/31/2023,18.69
4/3/2023,18.54
4/4/2023,19.01
4/5/2023,19.09
4/6/2023,18.39
4/10/2023,18.96
4/11/2023,19.11
4/12/2023,19.08
4/13/2023,17.81
4/14/2023,17.07
4/17/2023,16.94
4/18/2023,16.84
4/19/2023,16.45
4/20/2023,17.16
4/21/2023,16.76
4/24/2023,16.88
4/25/2023,18.75
4/26/2023,18.84
4/27/2023,17.02
4/28/2023,15.77
5/1/2023,16.07
5/2/2023,17.79
5/3/2023,18.33
5/4/2023,20.08
5/5/2023,17.18
5/8/2023,16.97
5/9/2023,17.7
5/10/2023,16.93
5/11/2023,16.94
5/12/2023,17.06
5/15/2023,17.11
5/16/2023,17.98
5/17/2023,16.86
5/18/2023,16.05
5/19/2023,16.82
5/22/2023,17.2
5/23/2023,18.52
5/24/2023,20.02
5/25/2023,19.13
5/26/2023,17.94
5/29/2023,17.45
5/30/2023,17.47
5/31/2023,17.93
6/1/2023,15.64
6/2/2023,14.61
6/5/2023,14.72
6/6/2023,13.95
6/7/2023,13.66
6/8/2023,13.65
6/9/2023,13.84
6/12/2023,15
6/13/2023,14.6
6/14/2023,13.87
6/15/2023,14.49
6/16/2023,13.53
6/19/2023,14.19
6/20/2023,13.87
6/21/2023,13.19
6/22/2023,12.9
6/23/2023,13.43
6/26/2023,14.24
6/27/2023,13.73
6/28/2023,13.44
6/29/2023,13.55
6/30/2023,13.59
7/3/2023,13.56
7/4/2023,13.71
7/5/2023,14.19
7/6/2023,15.43
7/7/2023,14.82
7/10/2023,15.06
7/11/2023,14.86
7/12/2023,13.53
7/13/2023,13.58
7/14/2023,13.33
7/17/2023,13.5
7/18/2023,13.31
7/19/2023,13.75
7/20/2023,13.98
7/21/2023,13.59
7/24/2023,13.9
7/25/2023,13.85
7/26/2023,13.18
7/27/2023,14.4
7/28/2023,13.34
7/31/2023,13.62
8/1/2023,13.94
8/2/2023,16.1
8/3/2023,15.93
8/4/2023,17.09
8/7/2023,15.77
8/8/2023,15.98
8/9/2023,15.95
8/10/2023,15.84
8/11/2023,14.86
8/14/2023,14.81
8/15/2023,16.45
8/16/2023,16.77
8/17/2023,17.9
8/18/2023,17.29
8/21/2023,17.14
8/22/2023,16.98
8/23/2023,15.97
8/24/2023,17.21
8/25/2023,15.67
8/28/2023,15.08
8/29/2023,14.46
8/30/2023,13.87
8/31/2023,13.56
9/1/2023,13.08
9/4/2023,13.82
9/5/2023,14
9/6/2023,14.44
9/7/2023,14.4
9/8/2023,13.83
9/11/2023,13.81
9/12/2023,14.24
9/13/2023,13.47
9/14/2023,12.81
9/15/2023,13.8
9/18/2023,14.01
9/19/2023,14.12
9/20/2023,15.13
9/21/2023,17.54
9/22/2023,17.19
9/25/2023,16.89
9/26/2023,18.93
9/27/2023,18.21
9/28/2023,17.34
9/29/2023,17.51
10/2/2023,17.6
10/3/2023,19.78
10/4/2023,18.57
10/5/2023,18.48
10/6/2023,17.44
10/9/2023,17.69
10/10/2023,17.02
10/11/2023,16.1
10/12/2023,16.7
10/13/2023,19.31
10/16/2023,17.2
10/17/2023,17.89
10/18/2023,19.21
10/19/2023,21.4
10/20/2023,21.7
10/23/2023,20.36
10/24/2023,18.96
10/25/2023,20.18
10/26/2023,20.67
10/27/2023,21.26
10/30/2023,19.74
10/31/2023,18.13
11/1/2023,16.86
11/2/2023,15.65
11/3/2023,14.91
11/6/2023,14.9
11/7/2023,14.8
11/8/2023,14.44
11/9/2023,15.28
11/10/2023,14.18
11/13/2023,14.77
11/14/2023,14.15
11/15/2023,14.17
11/16/2023,14.33
11/17/2023,13.81
11/20/2023,13.42
11/21/2023,13.34
11/22/2023,12.86
11/23/2023,12.79
11/24/2023,12.45
11/27/2023,12.68
11/28/2023,12.7
11/29/2023,12.99
11/30/2023,12.91
12/1/2023,12.62
12/4/2023,13.09
12/5/2023,12.86
12/6/2023,12.96
12/7/2023,13.07
12/8/2023,12.35
12/11/2023,12.64
12/12/2023,12.08
12/13/2023,12.18
12/14/2023,12.47
12/15/2023,12.27
12/18/2023,12.57
12/19/2023,12.52
12/20/2023,13.66
12/21/2023,13.66
12/22/2023,13.04
12/26/2023,12.98
12/27/2023,12.42
12/28/2023,12.48
12/29/2023,12.44
1/2/2024,13.21
1/3/2024,14.03
1/4/2024,14.14
1/5/2024,13.34
1/8/2024,13.07
1/9/2024,12.77
1/10/2024,12.68
1/11/2024,12.43
1/12/2024,12.69
1/15/2024,13.24
1/16/2024,13.83
1/17/2024,14.8
1/18/2024,14.12
1/19/2024,13.31
1/22/2024,13.18
1/23/2024,12.54
1/24/2024,13.13
1/25/2024,13.46
1/26/2024,13.25
1/29/2024,13.61
1/30/2024,13.32
1/31/2024,14.34
2/1/2024,13.87
2/2/2024,13.84
2/5/2024,13.68
2/6/2024,13.05
2/7/2024,12.82
2/8/2024,12.8
2/9/2024,12.92
2/12/2024,13.94
2/13/2024,15.84
2/14/2024,14.39
2/15/2024,14
2/16/2024,14.25
2/19/2024,14.7
2/20/2024,15.41
2/21/2024,15.35
2/22/2024,14.53
2/23/2024,13.74
2/26/2024,13.73
2/27/2024,13.42
2/28/2024,13.83
2/29/2024,13.39
3/1/2024,13.12
3/4/2024,13.48
3/5/2024,14.45
3/6/2024,14.51
3/7/2024,14.43
3/8/2024,14.73
3/11/2024,15.21
3/12/2024,13.83
3/13/2024,13.74
3/14/2024,14.39
3/15/2024,14.42
3/18/2024,14.34
3/19/2024,13.83
3/20/2024,13.03
3/21/2024,12.91
3/22/2024,13.05
3/25/2024,13.2
3/26/2024,13.23
3/27/2024,12.77
3/28/2024,13
4/1/2024,13.66
4/2/2024,14.6
4/3/2024,14.32
4/4/2024,16.34
4/5/2024,16.02
4/8/2024,15.18
4/9/2024,14.97
4/10/2024,15.81
4/11/2024,14.92
4/12/2024,17.3
4/15/2024,19.22
4/16/2024,18.39
4/17/2024,18.22
4/18/2024,18.01
4/19/2024,18.7
4/22/2024,16.93
4/23/2024,15.69
4/24/2024,15.96
4/25/2024,15.38
4/26/2024,15.02
4/29/2024,14.68
4/30/2024,15.64
5/1/2024,15.38
5/2/2024,14.67
5/3/2024,13.48
5/6/2024,13.48
5/7/2024,13.22
5/8/2024,12.99
5/9/2024,12.68
5/10/2024,12.56
5/13/2024,13.59
5/14/2024,13.41
5/15/2024,12.44
5/16/2024,12.41
5/17/2024,11.98
5/20/2024,12.14
5/21/2024,11.85
5/22/2024,12.3
5/23/2024,12.78
5/24/2024,11.92
5/27/2024,12.37
5/28/2024,12.91
5/29/2024,14.27
5/30/2024,14.46
5/31/2024,12.91
6/3/2024,13.12
6/4/2024,13.15
6/5/2024,12.62
6/6/2024,12.57
6/7/2024,12.21
6/10/2024,12.75
6/11/2024,12.86
6/12/2024,12.03
6/13/2024,11.95
6/14/2024,12.65
6/17/2024,12.74
6/18/2024,12.29
6/19/2024,12.49
6/20/2024,13.27
6/21/2024,13.19
6/24/2024,13.34
6/25/2024,12.84
6/26/2024,12.54
6/27/2024,12.25
6/28/2024,12.45
7/1/2024,12.23
7/2/2024,12.02
7/3/2024,12.08
7/4/2024,12.27
7/5/2024,12.47
7/8/2024,12.36
7/9/2024,12.5
7/10/2024,12.84
7/11/2024,12.91
7/12/2024,12.45
7/15/2024,13.13
7/16/2024,13.2
7/17/2024,14.47
7/18/2024,15.92
7/19/2024,16.51
7/22/2024,14.9
7/23/2024,14.71
7/24/2024,18.03
7/25/2024,18.47
7/26/2024,16.38
7/29/2024,16.59
7/30/2024,17.68
7/31/2024,16.37
8/1/2024,18.58
8/2/2024,23.38
8/5/2024,38.56
8/6/2024,27.7
8/7/2024,27.84
8/8/2024,23.78
8/9/2024,20.36
8/12/2024,20.72
8/13/2024,18.11
8/14/2024,16.2
8/15/2024,15.22
8/16/2024,14.81
8/19/2024,14.66
8/20/2024,15.87
8/21/2024,16.26
8/22/2024,17.54
8/23/2024,15.85
8/26/2024,16.14
8/27/2024,15.42
8/28/2024,17.1
8/29/2024,15.64
8/30/2024,15.01
9/3/2024,20.71
9/4/2024,21.33
9/5/2024,19.89
9/6/2024,22.37
9/9/2024,19.46
9/10/2024,19.07
9/11/2024,17.7
9/12/2024,17.08
9/13/2024,16.57
9/16/2024,17.13
9/17/2024,17.6
9/18/2024,18.22
9/19/2024,16.34
9/20/2024,16.16
9/23/2024,15.9
9/24/2024,15.38
9/25/2024,15.4
9/26/2024,15.36
9/27/2024,16.95
9/30/2024,16.72
10/1/2024,19.27
10/2/2024,18.91
10/3/2024,20.48
10/4/2024,19.2
10/7/2024,22.65
10/8/2024,21.43
10/9/2024,20.87
10/10/2024,20.94
10/11/2024,20.45
10/14/2024,19.69
10/15/2024,20.65
10/16/2024,19.57
10/17/2024,19.1
10/18/2024,18.02
10/21/2024,18.38
10/22/2024,18.21
10/23/2024,19.25
10/24/2024,19.07
10/25/2024,20.32
10/28/2024,19.79
10/29/2024,19.33
10/30/2024,20.34
10/31/2024,23.15
11/1/2024,21.87
11/4/2024,21.97
11/5/2024,20.5
11/6/2024,16.26
11/7/2024,15.19
11/8/2024,14.93
11/11/2024,14.96
11/12/2024,14.7
11/13/2024,14.01
11/14/2024,14.3
11/15/2024,16.13
11/18/2024,15.57
11/19/2024,16.34
11/20/2024,17.15
11/21/2024,16.86
11/22/2024,15.24
11/25/2024,14.61
11/26/2024,14.09
11/27/2024,14.11
11/28/2024,13.91
11/29/2024,13.5
12/2/2024,13.33
12/3/2024,13.31
12/4/2024,13.46
12/5/2024,13.53
12/6/2024,12.76
12/9/2024,14.18
12/10/2024,14.19
12/11/2024,13.57
12/12/2024,13.91
12/13/2024,13.8
12/16/2024,14.69
12/17/2024,15.88
12/18/2024,27.61
12/19/2024,24.08
12/20/2024,18.35
12/23/2024,16.77
12/24/2024,14.27
12/26/2024,14.72
12/27/2024,15.94
12/30/2024,17.41
12/31/2024,17.34
1/2/2025,17.92
1/3/2025,16.14
1/6/2025,16.03
1/7/2025,17.83
1/8/2025,17.69
1/9/2025,18.07
1/10/2025,19.53
1/13/2025,19.18
1/14/2025,18.7
1/15/2025,16.11
1/16/2025,16.6
1/17/2025,15.96
1/20/2025,15.8
1/21/2025,15.05
1/22/2025,15.11
1/23/2025,15.03
1/24/2025,14.84
1/27/2025,17.89
1/28/2025,16.42
1/29/2025,16.55
1/30/2025,15.83
1/31/2025,16.42
2/3/2025,18.61
2/4/2025,17.2
2/5/2025,15.78
2/6/2025,15.49
2/7/2025,16.55
2/10/2025,15.8
2/11/2025,16.01
2/12/2025,15.88
2/13/2025,15.09
2/14/2025,14.78
2/17/2025,15.38
2/18/2025,15.35
2/19/2025,15.26
2/20/2025,15.65
2/21/2025,18.22
2/24/2025,18.97
2/25/2025,19.42
2/26/2025,19.09
2/27/2025,21.12
2/28/2025,19.62
3/3/2025,22.77
3/4/2025,23.5
3/5/2025,21.92
3/6/2025,24.86
3/7/2025,23.38
3/10/2025,27.85
3/11/2025,26.91
3/12/2025,24.22
3/13/2025,24.65
3/14/2025,21.78
3/17/2025,20.5
3/18/2025,21.71
3/19/2025,19.89
3/20/2025,19.79
3/21/2025,19.27
3/24/2025,17.49
3/25/2025,17.14
3/26/2025,18.32
3/27/2025,18.68
3/28/2025,21.66
3/31/2025,22.27
4/1/2025,21.78
4/2/2025,21.52
4/3/2025,30.02
4/4/2025,45.3
4/7/2025,46.97
4/8/2025,52.32
4/9/2025,33.63
4/10/2025,40.71
4/11/2025,37.55
4/14/2025,30.88
4/15/2025,30.11
4/16/2025,32.63
4/17/2025,29.66
4/21/2025,33.81
4/22/2025,30.56
4/23/2025,28.44
4/24/2025,26.46
4/25/2025,24.84
4/28/2025,25.16
4/29/2025,24.16
4/30/2025,24.69
5/1/2025,24.61
5/2/2025,22.67
5/5/2025,23.65
5/6/2025,24.77
5/7/2025,23.54
5/8/2025,22.47
5/9/2025,21.89
5/12/2025,18.38
5/13/2025,18.23
5/14/2025,18.61
5/15/2025,17.82
5/16/2025,17.25
5/19/2025,18.13
5/20/2025,18.08
5/21/2025,20.86
5/22/2025,20.27
5/23/2025,22.28
5/26/2025,20.56
5/27/2025,18.95
5/28/2025,19.3
5/29/2025,19.19
5/30/2025,18.57
6/2/2025,18.36
6/3/2025,17.7
6/4/2025,17.6
6/5/2025,18.47
6/6/2025,16.78
6/9/2025,17.15
6/10/2025,16.96
6/11/2025,17.25
6/12/2025,18.01
6/13/2025,20.81
6/16/2025,19.12
6/17/2025,21.59
6/18/2025,20.13
6/19/2025,22.16
6/20/2025,20.61
6/23/2025,19.82
6/24/2025,17.49
6/25/2025,16.75
6/26/2025,16.6
6/27/2025,16.33
6/30/2025,16.74
7/1/2025,16.84
7/2/2025,16.63
7/3/2025,16.37
7/4/2025,17.49
7/7/2025,17.8
7/8/2025,16.8
7/9/2025,15.95
7/10/2025,15.77
7/11/2025,16.39
7/14/2025,17.21
7/15/2025,17.39
7/16/2025,17.15
7/17/2025,16.51
7/18/2025,16.4
7/21/2025,16.64
7/22/2025,16.49
7/23/2025,15.36
7/24/2025,15.38
7/25/2025,14.92
7/28/2025,15.04
7/29/2025,15.97
7/30/2025,15.47
7/31/2025,16.71
8/1/2025,20.37
8/4/2025,17.53
8/5/2025,17.84
8/6/2025,16.76
8/7/2025,16.58
8/8/2025,15.15
8/11/2025,16.24
8/12/2025,14.74
8/13/2025,14.48
8/14/2025,14.82
8/15/2025,15.08
8/18/2025,14.98
8/19/2025,15.58
8/20/2025,15.68
8/21/2025,16.59
8/22/2025,14.21
8/25/2025,14.8
8/26/2025,14.62
8/27/2025,14.84
8/28/2025,14.44
8/29/2025,15.35
9/1/2025,16.11
9/2/2025,17.16
9/3/2025,16.34
9/4/2025,15.29
9/5/2025,15.19
9/8/2025,15.1
9/9/2025,15.03
9/10/2025,15.34
9/11/2025,14.7
9/12/2025,14.75
9/15/2025,15.68
9/16/2025,16.37
9/17/2025,15.71
9/18/2025,15.69
9/19/2025,15.46
9/22/2025,16.09
9/23/2025,16.63
9/24/2025,16.18
9/25/2025,16.73
9/26/2025,15.29
9/29/2025,16.11
9/30/2025,16.29
10/1/2025,16.28
10/2/2025,16.62
10/3/2025,16.64
10/6/2025,16.36
10/7/2025,17.23
10/8/2025,16.29
10/9/2025,16.44
10/10/2025,21.65
10/13/2025,19.02
10/14/2025,20.8
10/15/2025,20.63
10/16/2025,25.3
10/17/2025,20.77
10/20/2025,18.24
10/21/2025,17.88
10/22/2025,18.59
10/23/2025,17.29
10/24/2025,16.36
10/27/2025,15.8
10/28/2025,16.41
10/29/2025,16.91
10/30/2025,16.9
10/31/2025,17.43
11/3/2025,17.16
11/4/2025,18.99
11/5/2025,18
11/6/2025,19.49
11/7/2025,19.08
11/10/2025,17.6
11/11/2025,17.29
11/12/2025,17.5
11/13/2025,19.99
11/14/2025,19.82
11/17/2025,22.39
11/18/2025,24.68
11/19/2025,23.65
11/20/2025,26.41
11/21/2025,23.42
11/24/2025,20.51
11/25/2025,18.55
11/26/2025,17.18
11/27/2025,17.22
11/28/2025,16.34
12/1/2025,17.23
12/2/2025,16.58
12/3/2025,16.09
12/4/2025,15.79
12/5/2025,15.4
12/8/2025,16.67
12/9/2025,16.94
12/10/2025,15.76
12/11/2025,14.85
12/12/2025,15.73
12/15/2025,16.49
12/16/2025,16.47
12/17/2025,17.63
12/18/2025,16.86
12/19/2025,14.91
12/22/2025,14.09
12/23/2025,14.01
12/24/2025,13.46
12/26/2025,13.61
12/29/2025,14.19
12/30/2025,14.34
12/31/2025,14.94
